"category","subcategory","ID","Description","GeneRatio","BgRatio","RichFactor","FoldEnrichment","zScore","pvalue","p.adjust","qvalue","geneID","Count"
"Organismal Systems","Immune system","hsa04657","IL-17 signaling pathway","17/47","95/9512",0.178947368421053,36.2159014557671,24.3078214716849,4.69926626678113e-23,8.83462058154853e-21,3.66048109201899e-21,"1051/2353/3725/3576/3320/3326/1432/3569/7124/2920/2921/6374/3627/6347/5599/4790/5970",17
"Environmental Information Processing","Signal transduction","hsa04668","TNF signaling pathway","16/47","119/9512",0.134453781512605,27.2111568031468,20.274923241813,1.38781187308465e-19,1.30454316069957e-17,5.40516203201391e-18,"1051/2353/3725/9021/1432/3569/7124/2920/2921/6374/3627/6347/5599/4790/5970/3659",16
"Human Diseases","Cardiovascular disease","hsa05417","Lipid and atherosclerosis","18/47","216/9512",0.0833333333333333,16.8652482269504,16.619861493742,3.23804944265281e-18,2.0291776507291e-16,8.40756697390555e-17,"2353/3725/3303/3304/3576/3320/3326/1432/6648/3569/7124/2920/2921/6347/5468/5599/4790/5970",18
"Human Diseases","Infectious disease: bacterial","hsa05133","Pertussis","11/47","78/9512",0.141025641025641,28.5411893071468,17.2101147663055,7.46578433567519e-14,3.50891863776734e-12,1.45386326536833e-12,"2353/3725/3576/1432/3569/7124/6374/5599/4790/5970/3659",11
"Human Diseases","Cardiovascular disease","hsa05418","Fluid shear stress and atherosclerosis","13/47","142/9512",0.0915492957746479,18.5280191789032,14.8288996813412,9.56384991597229e-14,3.59600756840558e-12,1.4899471448041e-12,"1843/2353/3725/3162/3320/3326/1432/1728/7124/6347/5599/4790/5970",13
"Organismal Systems","Immune system","hsa04621","NOD-like receptor signaling pathway","13/47","189/9512",0.0687830687830688,13.9205223460543,12.6425547229567,3.87839474425232e-12,1.21523035319906e-10,5.03510896622231e-11,"3725/3576/3320/3326/1432/3569/7124/2920/2921/6347/5599/4790/5970",13
"Human Diseases","Infectious disease: bacterial","hsa05134","Legionellosis","9/47","56/9512",0.160714285714286,32.5258358662614,16.6728023783365,4.97841521031033e-12,1.33706008505477e-10,5.53989060996939e-11,"3303/3304/3576/3569/7124/2920/2921/4790/5970",9
"Human Diseases","Endocrine and metabolic disease","hsa04932","Non-alcoholic fatty liver disease","12/47","157/9512",0.0764331210191083,15.4687627049736,12.8813397481238,8.50605655816053e-12,1.99892329116772e-10,8.28221296452473e-11,"2353/3725/9021/3576/1432/3569/7124/5468/3643/5599/4790/5970",12
"Human Diseases","Infectious disease: parasitic","hsa05142","Chagas disease","10/47","103/9512",0.0970873786407767,19.6488328857674,13.4091190304574,5.27656391590286e-11,1.10221557354415e-09,4.56685064066447e-10,"2353/3725/3576/1432/3569/7124/6347/5599/4790/5970",10
"Organismal Systems","Immune system","hsa04620","Toll-like receptor signaling pathway","10/47","109/9512",0.0917431192660551,18.5672457544408,12.998265945215,9.33380855016922e-11,1.63048157270311e-09,6.75563473572398e-10,"2353/3725/3576/1432/3569/7124/3627/5599/4790/5970",10
"Environmental Information Processing","Signal transduction","hsa04010","MAPK signaling pathway","14/47","300/9512",0.0466666666666667,9.4445390070922,10.4727640610175,9.54005175517779e-11,1.63048157270311e-09,6.75563473572398e-10,"1843/2353/3725/3303/3304/3315/4616/10912/1432/7124/3643/5599/4790/5970",14
"Human Diseases","Immune disease","hsa05323","Rheumatoid arthritis","9/47","95/9512",0.0947368421052632,19.173124300112,12.5440225241634,6.70480841556632e-10,1.05041998510539e-08,4.35224405922726e-09,"2353/3725/3576/3569/7124/2920/2921/6374/6347",9
"Human Diseases","Infectious disease: bacterial","hsa05135","Yersinia infection","10/47","138/9512",0.072463768115942,14.6654332408264,11.3946813342362,9.75770051174433e-10,1.41111361246764e-08,5.84671933497231e-09,"2353/3725/3576/1432/3569/7124/6347/5599/4790/5970",10
"Human Diseases","Endocrine and metabolic disease","hsa04933","AGE-RAGE signaling pathway in diabetic complications","9/47","101/9512",0.0891089108910891,18.034126816937,12.1273074259204,1.16601763367683e-09,1.56579510808032e-08,6.48761690917936e-09,"3725/3576/1432/3569/7124/6347/5599/4790/5970",9
"Organismal Systems","Development and regeneration","hsa04380","Osteoclast differentiation","10/47","143/9512",0.0699300699300699,14.1526558547835,11.1670012991667,1.38464102563091e-09,1.73541675212408e-08,7.19041655415352e-09,"2353/3725/8651/9021/1432/7124/5468/5599/4790/5970",10
"Organismal Systems","Endocrine system","hsa04917","Prolactin signaling pathway","8/47","71/9512",0.112676056338028,22.8037159124963,12.9942853960933,1.60309850325737e-09,1.77283834477874e-08,7.34546682607093e-09,"2353/8651/9021/1432/5599/4790/5970/3659",8
"Human Diseases","Infectious disease: bacterial","hsa05120","Epithelial cell signaling in Helicobacter pylori infection","8/47","71/9512",0.112676056338028,22.8037159124963,12.9942853960933,1.60309850325737e-09,1.77283834477874e-08,7.34546682607093e-09,"3725/3576/1432/2920/2921/5599/4790/5970",8
"Organismal Systems","Immune system","hsa04659","Th17 cell differentiation","9/47","109/9512",0.0825688073394495,16.7105211789967,11.624447866047,2.31243985114623e-09,2.41521495564162e-08,1.00070496482352e-08,"2353/3725/3320/3326/1432/3569/5599/4790/5970",9
"Human Diseases","Cancer: overview","hsa05208","Chemical carcinogenesis - reactive oxygen species","11/47","227/9512",0.0484581497797357,9.80710469584778,9.46361021423651,9.18256523420269e-09,9.08590665279003e-08,3.76459738133518e-08,"2353/3725/3162/1432/1728/6647/6648/847/5599/4790/5970",11
"Environmental Information Processing","Signal transduction","hsa04068","FoxO signaling pathway","9/47","133/9512",0.0676691729323308,13.6950887857943,10.3892693480363,1.3528548699461e-08,1.27168357774933e-07,5.26901370400058e-08,"6446/4616/10912/1432/6648/847/3569/3643/5599",9
"Human Diseases","Infectious disease: viral","hsa05171","Coronavirus disease - COVID-19","11/47","238/9512",0.046218487394958,9.35383515108171,9.19692287117052,1.50367629808204e-08,1.34614830494964e-07,5.57754616832436e-08,"2353/3725/3576/1432/3569/7124/3627/6347/5599/4790/5970",11
"Environmental Information Processing","Signaling molecules and interaction","hsa04061","Viral protein interaction with cytokine and cytokine receptor","8/47","100/9512",0.08,16.1906382978723,10.7606070991511,2.52103969659702e-08,2.12720249788961e-07,8.8137169565415e-08,"3576/3569/7124/2920/2921/6374/3627/6347",8
"Human Diseases","Infectious disease: bacterial","hsa05132","Salmonella infection","11/47","251/9512",0.0438247011952191,8.86937356955158,8.90327507724427,2.60973742060453e-08,2.12720249788961e-07,8.8137169565415e-08,"2353/3725/3576/3320/3326/1432/3569/7124/5599/4790/5970",11
"Human Diseases","Endocrine and metabolic disease","hsa04936","Alcoholic liver disease","9/47","144/9512",0.0625,12.6489361702128,9.92534887813009,2.71557765688035e-08,2.12720249788961e-07,8.8137169565415e-08,"3576/1432/3569/7124/2920/2921/5599/4790/5970",9
"Human Diseases","Infectious disease: viral","hsa05167","Kaposi sarcoma-associated herpesvirus infection","10/47","196/9512",0.0510204081632653,10.3256621797655,9.29596940246815,2.92746909281459e-08,2.20145675779657e-07,9.12137738392757e-08,"2353/3725/3576/1432/3569/2920/2921/5599/4790/5970",10
"Human Diseases","Infectious disease: parasitic","hsa05146","Amoebiasis","8/47","103/9512",0.0776699029126214,15.7190663086139,10.5834887018602,3.18582543011919e-08,2.3035968494708e-07,9.54457821169312e-08,"3315/3576/3569/7124/2920/2921/4790/5970",8
"Environmental Information Processing","Signal transduction","hsa04064","NF-kappa B signaling pathway","8/47","105/9512",0.0761904761904762,15.4196555217832,10.4694935483735,3.7086276714433e-08,2.49007857939764e-07,1.03172348754438e-07,"4616/10912/3576/7124/2920/2921/4790/5970",8
"Organismal Systems","Immune system","hsa04625","C-type lectin receptor signaling pathway","8/47","105/9512",0.0761904761904762,15.4196555217832,10.4694935483735,3.7086276714433e-08,2.49007857939764e-07,1.03172348754438e-07,"3725/1432/3569/7124/5599/4790/5970/3659",8
"Human Diseases","Infectious disease: viral","hsa05169","Epstein-Barr virus infection","10/47","205/9512",0.0487804878048781,9.87234042553191,9.04923738978928,4.48701283921551e-08,2.90882211645695e-07,1.20522304937186e-07,"3725/4616/10912/1432/3569/7124/3627/5599/4790/5970",10
"Organismal Systems","Immune system","hsa04622","RIG-I-like receptor signaling pathway","7/47","72/9512",0.0972222222222222,19.6761229314421,11.2090468826669,5.22470480300764e-08,3.27414834321812e-07,1.35659001902654e-07,"3576/1432/7124/3627/5599/4790/5970",7
"Human Diseases","Infectious disease: parasitic","hsa05145","Toxoplasmosis","8/47","112/9512",0.0714285714285714,14.4559270516717,10.0939330350283,6.16412900055742e-08,3.73824597453159e-07,1.54888131083616e-07,"8651/3303/3304/1432/7124/5599/4790/5970",8
"Human Diseases","Infectious disease: viral","hsa05161","Hepatitis B","9/47","163/9512",0.0552147239263804,11.1745202976113,9.23266069866545,7.96959905989878e-08,4.68213944769053e-07,1.9399681922122e-07,"2353/3725/3576/1432/3569/7124/5599/4790/5970",9
"Cellular Processes","Cell growth and death","hsa04210","Apoptosis","8/47","137/9512",0.0583941605839416,11.8179841590309,8.98716462739881,2.95566457591743e-07,1.68383315234084e-06,6.97668831317034e-07,"2353/3725/4616/10912/7124/5599/4790/5970",8
"Human Diseases","Infectious disease: viral","hsa05162","Measles","8/47","139/9512",0.0575539568345324,11.6479412214909,8.91118474270075,3.30476903143128e-07,1.82734287620318e-06,7.57129747139054e-07,"2353/3725/3303/3304/3569/5599/4790/5970",8
"Human Diseases","Cancer: overview","hsa05202","Transcriptional misregulation in cancer","9/47","201/9512",0.0447761194029851,9.06192442045094,8.14029789857875,4.77694149639746e-07,2.56590000377921e-06,1.06313885934861e-06,"1051/7704/4616/10912/3576/3569/5468/4790/5970",9
"Human Diseases","Infectious disease: bacterial","hsa05130","Pathogenic Escherichia coli infection","9/47","203/9512",0.0443349753694581,8.9726443768997,8.09097030214385,5.19364558932564e-07,2.65358726764789e-06,1.09947064840954e-06,"2353/3725/3576/1432/3569/7124/5599/4790/5970",9
"Organismal Systems","Aging","hsa04213","Longevity regulating pathway - multiple species","6/47","62/9512",0.0967741935483871,19.5854495538778,10.3455771003655,5.22248557994531e-07,2.65358726764789e-06,1.09947064840954e-06,"3303/3304/6647/6648/847/3643",6
"Human Diseases","Endocrine and metabolic disease","hsa04931","Insulin resistance","7/47","109/9512",0.0642201834862385,12.9970720281085,8.87681170771093,9.21627714525967e-07,4.55963185081268e-06,1.88920916551029e-06,"9021/3569/7124/3643/5599/4790/5970",7
"Human Diseases","Infectious disease: viral","hsa05164","Influenza A","8/47","173/9512",0.046242774566474,9.35875046119788,7.81836487581966,1.74918372576274e-06,8.43196257547168e-06,3.4936463078662e-06,"9021/3576/3569/7124/3627/6347/4790/5970",8
"Organismal Systems","Immune system","hsa04660","T cell receptor signaling pathway","7/47","122/9512",0.0573770491803279,11.612138123474,8.31288406740607,1.97449012282731e-06,9.28010357728837e-06,3.84505971287424e-06,"2353/3725/1432/7124/5599/4790/5970",7
"Human Diseases","Infectious disease: parasitic","hsa05140","Leishmaniasis","6/47","79/9512",0.0759493670886076,15.3708591435497,9.03801529051163,2.21718612968868e-06,1.01666095702798e-05,4.21236902687964e-06,"2353/3725/1432/7124/4790/5970",6
"Human Diseases","Endocrine and metabolic disease","hsa04930","Type II diabetes mellitus","5/47","47/9512",0.106382978723404,21.5301041195111,9.94217681240725,3.10915611580007e-06,1.39171749945336e-05,5.76635470098258e-06,"8651/9021/7124/3643/5599",5
"Organismal Systems","Immune system","hsa04062","Chemokine signaling pathway","8/47","193/9512",0.0414507772020725,8.38893176055562,7.30764371304712,3.9666161771821e-06,1.73424149141915e-05,7.1855470529125e-06,"3576/2920/2921/6374/3627/6347/4790/5970",8
"Organismal Systems","Endocrine system","hsa04915","Estrogen signaling pathway","7/47","139/9512",0.0503597122302158,10.1919485688045,7.69267505691132,4.7223337338812e-06,1.99191270621598e-05,8.25316574803932e-06,"2289/2353/3725/3303/3304/3320/3326",7
"Organismal Systems","Aging","hsa04211","Longevity regulating pathway","6/47","90/9512",0.0666666666666667,13.4921985815603,8.39054739256217,4.76787615849569e-06,1.99191270621598e-05,8.25316574803932e-06,"6648/847/5468/3643/4790/5970",6
"Organismal Systems","Immune system","hsa04658","Th1 and Th2 cell differentiation","6/47","93/9512",0.0645161290322581,13.0569663692519,8.23339281355303,5.77258340714378e-06,2.35922974031094e-05,9.77508403040366e-06,"2353/3725/1432/5599/4790/5970",6
"Cellular Processes","Cell growth and death","hsa04218","Cellular senescence","7/47","157/9512",0.0445859872611465,9.02344491123458,7.14316227029149,1.05471891830743e-05,4.21887567322972e-05,1.74802239540313e-05,"4616/10912/3576/1432/3569/4790/5970",7
"Human Diseases","Drug resistance: antineoplastic","hsa01523","Antifolate resistance","4/47","30/9512",0.133333333333333,26.9843971631206,10.0444233319066,1.30509851958592e-05,5.11163586837817e-05,2.11792303617013e-05,"3569/7124/4790/5970",4
"Human Diseases","Immune disease","hsa05321","Inflammatory bowel disease","5/47","66/9512",0.0757575757575758,15.3320438426821,8.23299470007196,1.68895058833306e-05,6.48005531850234e-05,2.68490533913311e-05,"3725/3569/7124/4790/5970",5
"Organismal Systems","Endocrine system","hsa04920","Adipocytokine signaling pathway","5/47","70/9512",0.0714285714285714,14.4559270516717,7.96218669623745,2.25383759385877e-05,8.47442935290897e-05,3.51124172516945e-05,"9021/7124/5599/4790/5970",5
"Human Diseases","Infectious disease: bacterial","hsa05152","Tuberculosis","7/47","182/9512",0.0384615384615385,7.78396072013093,6.51148294552083,2.75598886244472e-05,0.000101593314929335,4.20935347411578e-05,"1051/1432/3569/7124/5599/4790/5970",7
"Organismal Systems","Excretory system","hsa04960","Aldosterone-regulated sodium reabsorption","4/47","38/9512",0.105263157894737,21.3034714445689,8.83684256502736,3.41499216847981e-05,0.000123465101475808,5.1155753131074e-05,"4306/6446/3291/3643",4
"Human Diseases","Cancer: specific types","hsa05212","Pancreatic cancer","5/47","77/9512",0.0649350649350649,13.1417518651561,7.53802327645848,3.58566832505774e-05,0.000127189744360539,5.26989982232915e-05,"4616/10912/5599/4790/5970",5
"Organismal Systems","Endocrine system","hsa04926","Relaxin signaling pathway","6/47","130/9512",0.0461538461538462,9.34075286415712,6.74731406795367,3.93720681791945e-05,0.000137073126253492,5.67940164768108e-05,"2353/3725/1432/5599/4790/5970",6
"Organismal Systems","Immune system","hsa04612","Antigen processing and presentation","5/47","82/9512",0.0609756097560976,12.3404255319149,7.26745149031,4.86142014840793e-05,0.000166172179618307,6.88507351162079e-05,"3303/3304/3320/3326/7124",5
"Human Diseases","Cancer: specific types","hsa05210","Colorectal cancer","5/47","87/9512",0.0574712643678161,11.6312056737589,7.01945150060474,6.46323934110075e-05,0.000216980177879811,8.99022013611758e-05,"2353/3725/4616/10912/5599",5
"Human Diseases","Cancer: overview","hsa05235","PD-L1 expression and PD-1 checkpoint pathway in cancer","5/47","90/9512",0.0555555555555556,11.2434988179669,6.88017899624766,7.60311881111279e-05,0.000250769532717404,0.000103902269994893,"2353/3725/1432/4790/5970",5
"Human Diseases","Infectious disease: viral","hsa05170","Human immunodeficiency virus 1 infection","7/47","214/9512",0.0327102803738318,6.62000397693378,5.8593636070086,7.74064881001046e-05,0.000250903789014132,0.000103957896903952,"2353/3725/1432/7124/5599/4790/5970",7
"Environmental Information Processing","Signaling molecules and interaction","hsa04060","Cytokine-cytokine receptor interaction","8/47","298/9512",0.0268456375838926,5.43310009995716,5.47889877293906,9.16175855060523e-05,0.000291934001273523,0.000120958096832255,"3576/3569/7124/2920/2921/6374/3627/6347",8
"Human Diseases","Infectious disease: parasitic","hsa05144","Malaria","4/47","50/9512",0.08,16.1906382978723,7.58876778867145,0.000102023355909056,0.000317882019949118,0.00013170923558922,"3576/3569/7124/6347",4
"Human Diseases","Infectious disease: viral","hsa05166","Human T-cell leukemia virus 1 infection","7/47","224/9512",0.03125,6.32446808510638,5.68251832185219,0.000103142570302639,0.000317882019949118,0.00013170923558922,"2353/3725/3569/7124/5599/4790/5970",7
"Environmental Information Processing","Signal transduction","hsa04024","cAMP signaling pathway","7/47","226/9512",0.0309734513274336,6.2684993409904,5.64844000990718,0.000109044513074432,0.000330651104161179,0.00013699989758078,"1392/4158/2353/3725/5599/4790/5970",7
"Human Diseases","Infectious disease: viral","hsa05163","Human cytomegalovirus infection","7/47","227/9512",0.0308370044052863,6.24088480644859,5.63155460265247,0.000112097183161252,0.000334512229116117,0.000138599691795032,"3576/1432/3569/7124/6347/4790/5970",7
"Environmental Information Processing","Signal transduction","hsa04066","HIF-1 signaling pathway","5/47","110/9512",0.0454545454545455,9.19922630560928,6.09481886715197,0.000196706522242901,0.000577825409088523,0.000239412543519321,"3162/3569/3643/4790/5970",5
"Human Diseases","Infectious disease: bacterial","hsa05131","Shigellosis","7/47","253/9512",0.0276679841897233,5.59952905558826,5.22508423080017,0.000219548583469041,0.000635002056802766,0.000263102755898123,"3725/3576/1432/7124/5599/4790/5970",7
"Human Diseases","Infectious disease: viral","hsa05168","Herpes simplex virus 1 infection","6/47","183/9512",0.0327868852459016,6.63550749912801,5.42428801103619,0.000260461528783459,0.000741920718352885,0.000307402761243636,"9021/3569/7124/6347/4790/5970",6
"Organismal Systems","Nervous system","hsa04722","Neurotrophin signaling pathway","5/47","120/9512",0.0416666666666667,8.43262411347518,5.77371658377801,0.000295229995573303,0.000828406554743001,0.000343236758404155,"3725/1432/5599/4790/5970",5
"Organismal Systems","Endocrine system","hsa04935","Growth hormone synthesis, secretion and action","5/47","122/9512",0.040983606557377,8.29438437391001,5.71396366480405,0.000318761917090185,0.000881282947249336,0.000365145230103308,"2353/8651/9021/1432/5599",5
"Environmental Information Processing","Signal transduction","hsa04071","Sphingolipid signaling pathway","5/47","125/9512",0.04,8.09531914893617,5.62684877155885,0.000356697674730043,0.000971871925351422,0.000402679297178081,"1432/7124/5599/4790/5970",5
"Human Diseases","Neurodegenerative disease","hsa05020","Prion disease","7/47","278/9512",0.0251798561151079,5.09597428440227,4.88412077711516,0.000389902637907062,0.00104716708466468,0.000433876619625904,"3303/3304/1432/6647/3569/7124/5599",7
"Human Diseases","Cancer: specific types","hsa05220","Chronic myeloid leukemia","4/47","77/9512",0.051948051948052,10.5134014921249,5.9062516416374,0.000543830021347438,0.00144000061990589,0.000596640794361904,"4616/10912/4790/5970",4
"Human Diseases","Cancer: overview","hsa05207","Chemical carcinogenesis - receptor activation","6/47","217/9512",0.0276497695852535,5.59584272967938,4.82583022531693,0.000646717732925623,0.00168865185819468,0.000699665383574505,"2353/3725/3320/3326/4790/5970",6
"Organismal Systems","Immune system","hsa04623","Cytosolic DNA-sensing pathway","4/47","83/9512",0.0481927710843374,9.75339656498334,5.64396800624275,0.00072266698779588,0.00186111498226884,0.000771122669025164,"3569/3627/4790/5970",4
"Human Diseases","Cancer: specific types","hsa05216","Thyroid cancer","3/47","37/9512",0.0810810810810811,16.409430707303,6.61758544625801,0.00078091848768979,0.00198395507683352,0.000822019460726095,"4616/10912/5468",3
"Organismal Systems","Immune system","hsa04662","B cell receptor signaling pathway","4/47","91/9512",0.043956043956044,8.89595510872107,5.33308585765081,0.00102119469938481,0.0025597947131246,0.00106060923164177,"2353/3725/4790/5970",4
"Human Diseases","Infectious disease: viral","hsa05160","Hepatitis C","5/47","159/9512",0.0314465408805031,6.36424461394353,4.80654905981625,0.00106669913182919,0.00263867679978799,0.00109329273899391,"9021/7124/3627/4790/5970",5
"Human Diseases","Cancer: specific types","hsa05222","Small cell lung cancer","4/47","93/9512",0.043010752688172,8.70464424616793,5.26130376619088,0.00110758754951436,0.00270423973128181,0.00112045767141576,"4616/10912/4790/5970",4
"Cellular Processes","Cell growth and death","hsa04216","Ferroptosis","3/47","42/9512",0.0714285714285714,14.4559270516717,6.15835882966666,0.00113401600131426,0.00273326933650104,0.00113248561534758,"3162/2729/2730",3
"Human Diseases","Drug resistance: antineoplastic","hsa01522","Endocrine resistance","4/47","99/9512",0.0404040404040404,8.17709004943048,5.05828941002186,0.00139747769929294,0.00332564313249458,0.00137792604593841,"2353/3725/1432/5599",4
"Human Diseases","Cancer: specific types","hsa05225","Hepatocellular carcinoma","5/47","170/9512",0.0294117647058824,5.95244055068836,4.59119259015696,0.00143731223248749,0.00337768374634559,0.00139948822636939,"3162/4616/10912/1728/7296",5
"Genetic Information Processing","Folding, sorting and degradation","hsa04141","Protein processing in endoplasmic reticulum","5/47","172/9512",0.0290697674418605,5.88322612568036,4.5540661163474,0.00151377358122926,0.00351344979347039,0.00145574067590599,"3303/3304/3320/3326/5599",5
"Human Diseases","Substance dependence","hsa05030","Cocaine addiction","3/47","49/9512",0.0612244897959184,12.3907946157186,5.63299482056477,0.00177648249749538,0.00407291109181867,0.00168754434935376,"3725/4790/5970",3
"Human Diseases","Cancer: specific types","hsa05215","Prostate cancer","4/47","106/9512",0.0377358490566038,7.63709353673224,4.84205919309203,0.00179831441848373,0.00407329049005954,0.00168770154683318,"3320/3326/4790/5970",4
"Environmental Information Processing","Signal transduction","hsa04151","PI3K-Akt signaling pathway","7/47","362/9512",0.0193370165745856,3.91348301398848,3.9825197601361,0.00184353422188097,0.0041260051632574,0.00170954301277182,"6446/3320/3326/3569/3643/4790/5970",7
"Organismal Systems","Endocrine system","hsa04914","Progesterone-mediated oocyte maturation","4/47","111/9512",0.036036036036036,7.29308031435691,4.69936792249174,0.0021293882646728,0.00470970580892336,0.00195138986483947,"3320/3326/1432/5599",4
"Human Diseases","Neurodegenerative disease","hsa05022","Pathways of neurodegeneration - multiple diseases","8/47","483/9512",0.0165631469979296,3.3520990264746,3.73861764770658,0.00227740575981359,0.0049785149168018,0.00206276653887645,"1432/6647/847/3569/7124/5599/4790/5970",8
"Human Diseases","Cardiovascular disease","hsa05415","Diabetic cardiomyopathy","5/47","205/9512",0.024390243902439,4.93617021276596,4.01464968132138,0.0032562309111557,0.00703645300341691,0.00291543965427128,"1432/3643/5599/4790/5970",5
"Metabolism","Lipid metabolism","hsa00140","Steroid hormone biosynthesis","3/47","64/9512",0.046875,9.48670212765957,4.8002152751805,0.00381485019095912,0.00814990722613994,0.00337678126950927,"3290/3291/1584",3
"Human Diseases","Cancer: specific types","hsa05221","Acute myeloid leukemia","3/47","68/9512",0.0441176470588235,8.92866082603254,4.62357618071141,0.00452598219322639,0.00956050171153441,0.00396123811116207,"7704/4790/5970",3
"Organismal Systems","Endocrine system","hsa04910","Insulin signaling pathway","4/47","138/9512",0.0289855072463768,5.86617329633056,4.05757307885421,0.00466701700816452,0.00974181898578353,0.00403636396947358,"8651/9021/3643/5599",4
"Organismal Systems","Immune system","hsa04664","Fc epsilon RI signaling pathway","3/47","69/9512",0.0434782608695652,8.79925994449584,4.58167897888596,0.00471545493460798,0.00974181898578353,0.00403636396947358,"1432/7124/5599",3
"Human Diseases","Cancer: specific types","hsa05224","Breast cancer","4/47","148/9512",0.027027027027027,5.46981023576768,3.86181043344225,0.00597436259168592,0.0122084800786625,0.00505838480302927,"2353/3725/4616/10912",4
"Cellular Processes","Transport and catabolism","hsa04148","Efferocytosis","4/47","157/9512",0.0254777070063694,5.15625423499119,3.70025578359209,0.0073428150654213,0.0148435401322495,0.00615017900216385,"6446/1051/1432/5468",4
"Cellular Processes","Cell growth and death","hsa04217","Necroptosis","4/47","159/9512",0.0251572327044025,5.09139569115482,3.6660323173069,0.00767279463181945,0.0153455892636389,0.00635819487967121,"3320/3326/7124/5599",4
"Cellular Processes","Transport and catabolism","hsa04146","Peroxisome","3/47","83/9512",0.036144578313253,7.3150474237375,4.07178234790143,0.00788084278455508,0.0155957730894353,0.00646185447154655,"6647/6648/847",3
"Organismal Systems","Endocrine system","hsa04912","GnRH signaling pathway","3/47","93/9512",0.032258064516129,6.52848318462594,3.7752592425098,0.0107550756776673,0.0210620232020984,0.00872670614196688,"3725/1432/5599",3
"Human Diseases","Neurodegenerative disease","hsa05010","Alzheimer disease","6/47","391/9512",0.0153452685421995,3.10562115688088,2.99605027788957,0.0119818009529295,0.0232224595788738,0.00962184775384467,"3569/7124/3643/5599/4790/5970",6
"Human Diseases","Cancer: overview","hsa05231","Choline metabolism in cancer","3/47","99/9512",0.0303030303030303,6.13281753707286,3.61752136486157,0.0127353280100758,0.0244310374070841,0.01012260228513,"2353/3725/5599",3
"Human Diseases","Infectious disease: parasitic","hsa05143","African trypanosomiasis","2/47","37/9512",0.0540540540540541,10.9396204715354,4.26857351339963,0.0142583130836847,0.0270763925225527,0.0112186620754138,"3569/7124",2
"Cellular Processes","Transport and catabolism","hsa04137","Mitophagy - animal","3/47","105/9512",0.0285714285714286,5.78237082066869,3.47227438112396,0.0149115325905805,0.0280336812702913,0.0116152990705574,"3725/5599/5970",3
"Human Diseases","Immune disease","hsa05332","Graft-versus-host disease","2/47","45/9512",0.0444444444444444,8.99479905437352,3.78799442721003,0.0206723021849094,0.0384791367402273,0.0159432033526138,"3569/7124",2
"Metabolism","Amino acid metabolism","hsa00270","Cysteine and methionine metabolism","2/47","52/9512",0.0384615384615385,7.78396072013093,3.45653643355774,0.027091680839284,0.0499336862527979,0.0206892093096699,"2729/2730",2
