"ID","Description","GeneRatio","BgRatio","RichFactor","FoldEnrichment","zScore","pvalue","p.adjust","qvalue","geneID","Count"
"R-HSA-449147","Signaling by Interleukins","13/39","380/10173",0.0342105263157895,8.92368421052632,9.76576139941244,7.55859916064526e-10,1.32874798988167e-07,7.10100140341619e-08,"2353/3725/8651/9021/3162/3576/3320/6647/6648/3569/2920/3627/6347",13
"R-HSA-6785807","Interleukin-4 and Interleukin-13 signaling","8/39","87/10173",0.0919540229885057,23.9858532272325,13.3569039494462,1.02211383837051e-09,1.32874798988167e-07,7.10100140341619e-08,"2353/8651/9021/3162/3576/3320/3569/6347",8
"R-HSA-380108","Chemokine receptors bind chemokines","6/39","57/10173",0.105263157894737,27.4574898785425,12.4258665595066,6.68132681045164e-08,5.79048323572476e-06,3.0945092595776e-06,"3576/2920/2921/6374/3627/6347",6
"R-HSA-3371568","Attenuation phase","4/39","14/10173",0.285714285714286,74.5274725274725,17.0778503864507,1.79586488987255e-07,1.11031526534207e-05,5.93366862450013e-06,"3303/3304/3320/3326",4
"R-HSA-9711123","Cellular response to chemical stress","8/39","171/10173",0.0467836257309941,12.2033288349078,9.16530122029399,2.13522166411937e-07,1.11031526534207e-05,5.93366862450013e-06,"3162/1728/6647/6648/847/2729/2730/6347",8
"R-HSA-9841251","Mitochondrial unfolded protein response (UPRmt)","4/39","16/10173",0.25,65.2115384615385,15.9453982212743,3.24725869302456e-07,1.40714543364398e-05,7.51996749963582e-06,"3303/3304/6648/847",4
"R-HSA-9818027","NFE2L2 regulating anti-oxidant/detoxification enzymes","4/39","18/10173",0.222222222222222,57.965811965812,15.0056775537899,5.42966466857034e-07,1.78598079824698e-05,9.54451276795958e-06,"3162/1728/2729/2730",4
"R-HSA-6783783","Interleukin-10 signaling","5/39","43/10173",0.116279069767442,30.3309481216458,11.9564055136358,5.49532553306764e-07,1.78598079824698e-05,9.54451276795958e-06,"3576/3569/2920/3627/6347",5
"R-HSA-3371571","HSF1-dependent transactivation","4/39","21/10173",0.19047619047619,49.6849816849817,13.8539585228272,1.0532347285247e-06,3.04267810462691e-05,1.6260465984241e-05,"3303/3304/3320/3326",4
"R-HSA-3371497","HSP90 chaperone cycle for steroid hormone receptors (SHR) in the presence of ligand","5/39","51/10173",0.0980392156862745,25.5731523378582,10.9133434729227,1.31143408069626e-06,3.40972860981028e-05,1.82220314370428e-05,"2289/3303/3304/3320/3326",5
"R-HSA-194002","Glucocorticoid biosynthesis","3/39","10/10173",0.3,78.2538461538462,15.1619191647658,6.13667096572558e-06,0.000145048586462605,7.75158437775863e-05,"3290/3291/1584",3
"R-HSA-375276","Peptide ligand-binding receptors","7/39","191/10173",0.0366492146596859,9.55980668546113,7.40827144451633,6.81434911418674e-06,0.000147331390172396,7.87358036548836e-05,"4158/3576/2920/2921/6374/3627/6347",7
"R-HSA-9759194","Nuclear events mediated by NFE2L2","5/39","72/10173",0.0694444444444444,18.1143162393162,9.04042077416186,7.36656950861979e-06,0.000147331390172396,7.87358036548836e-05,"3162/1728/2729/2730/6347",5
"R-HSA-9755511","KEAP1-NFE2L2 pathway","5/39","94/10173",0.0531914893617021,13.8747954173486,7.77930090189347,2.71791727820018e-05,0.000504756065951462,0.000269748180994304,"3162/1728/2729/2730/6347",5
"R-HSA-8939211","ESR-mediated signaling","6/39","188/10173",0.0319148936170213,8.32487725040916,6.28854641208231,7.22358634001853e-05,0.00125208829893654,0.000669132208338558,"2289/2353/3725/3315/3320/3326",6
"R-HSA-373076","Class A/1 (Rhodopsin-like receptors)","7/39","318/10173",0.0220125786163522,5.74189646831156,5.32944939267388,0.000177410458615694,0.00288291995250503,0.00154066977218892,"4158/3576/2920/2921/6374/3627/6347",7
"R-HSA-913531","Interferon Signaling","6/39","229/10173",0.0262008733624454,6.83439704400403,5.53959727757288,0.000213448465049824,0.00309931194734543,0.00165631245769068,"2289/8651/9021/3303/3304/3659",6
"R-HSA-3371556","Cellular response to heat stress","4/39","78/10173",0.0512820512820513,13.3767258382643,6.80683055703865,0.000214567750200838,0.00309931194734543,0.00165631245769068,"3303/3304/3320/3326",4
"R-HSA-5579029","Metabolic disorders of biological oxidation enzymes","3/39","32/10173",0.09375,24.4543269230769,8.24332839469807,0.00023926454392061,0.00313520902532008,0.00167549632122369,"1584/2729/2730",3
"R-HSA-500792","GPCR ligand binding","8/39","447/10173",0.0178970917225951,4.66838754087076,4.92047316929523,0.000241169925024621,0.00313520902532008,0.00167549632122369,"1392/4158/3576/2920/2921/6374/3627/6347",8
"R-HSA-3299685","Detoxification of Reactive Oxygen Species","3/39","34/10173",0.0882352941176471,23.0158371040724,7.97667925897611,0.000287134978502735,0.00355500449574815,0.00189984045926622,"6647/6648/847",3
"R-HSA-196071","Metabolism of steroid hormones","3/39","35/10173",0.0857142857142857,22.3582417582418,7.85178512626349,0.000313222729741223,0.003701723169669,0.00197824881941825,"3290/3291/1584",3
"R-HSA-9006931","Signaling by Nuclear Receptors","6/39","253/10173",0.0237154150197628,6.18607479477045,5.18189047883132,0.00036521717503315,0.00400705506916773,0.00214142214222729,"2289/2353/3725/3315/3320/3326",6
"R-HSA-450408","AUF1 (hnRNP D0) binds and destabilizes mRNA","3/39","37/10173",0.0810810810810811,21.1496881496882,7.61694675034491,0.000369882006384713,0.00400705506916773,0.00214142214222729,"3303/3304/3315",3
"R-HSA-2559582","Senescence-Associated Secretory Phenotype (SASP)","4/39","102/10173",0.0392156862745098,10.2292609351433,5.8113327318102,0.000598431478666152,0.00622368737812798,0.00332601916563924,"2353/3725/3576/3569",4
"R-HSA-8986944","Transcriptional Regulation by MECP2","3/39","47/10173",0.0638297872340425,16.6497545008183,6.67087074525758,0.000751725416435834,0.00690953568349148,0.00369254538550962,"2289/6446/1392",3
"R-HSA-174403","Glutathione synthesis and recycling","2/39","11/10173",0.181818181818182,47.4265734265734,9.55693006036624,0.000770678980081742,0.00690953568349148,0.00369254538550962,"2729/2730",2
"R-HSA-844456","The NLRP3 inflammasome","2/39","11/10173",0.181818181818182,47.4265734265734,9.55693006036624,0.000770678980081742,0.00690953568349148,0.00369254538550962,"3162/3326",2
"R-HSA-877312","Regulation of IFNG signaling","2/39","11/10173",0.181818181818182,47.4265734265734,9.55693006036624,0.000770678980081742,0.00690953568349148,0.00369254538550962,"8651/9021",2
"R-HSA-3371511","HSF1 activation","2/39","12/10173",0.166666666666667,43.474358974359,9.13259628803471,0.000922576586169728,0.00799566374680431,0.00427298629383874,"3320/3326",2
"R-HSA-399954","Sema3A PAK dependent Axon repulsion","2/39","13/10173",0.153846153846154,40.1301775147929,8.75753072262949,0.00108767966629263,0.00912247462051886,0.0048751686231113,"3320/3326",2
"R-HSA-622312","Inflammasomes","2/39","14/10173",0.142857142857143,37.2637362637363,8.42279274776378,0.00126588997010738,0.0102853560071225,0.00549662750178206,"3162/3326",2
"R-HSA-9658195","Leishmania infection","4/39","127/10173",0.031496062992126,8.21562689279225,5.07603223483069,0.00135879981307762,0.0103217055165909,0.0055160531505668,"3725/3162/3326/3569",4
"R-HSA-9824443","Parasitic Infection Pathways","4/39","127/10173",0.031496062992126,8.21562689279225,5.07603223483069,0.00135879981307762,0.0103217055165909,0.0055160531505668,"3725/3162/3326/3569",4
"R-HSA-9009391","Extra-nuclear estrogen signaling","3/39","58/10173",0.0517241379310345,13.4920424403183,5.91847113077108,0.00138946035800262,0.0103217055165909,0.0055160531505668,"2353/3315/3320",3
"R-HSA-9820965","Respiratory syncytial virus (RSV) genome replication, transcription and translation","2/39","15/10173",0.133333333333333,34.7794871794872,8.12156279639582,0.00145710977318446,0.01052357058411,0.00562393245790494,"3320/3326",2
"R-HSA-9018519","Estrogen-dependent gene expression","4/39","131/10173",0.0305343511450382,7.96476805637111,4.9771098541104,0.00152369380766575,0.010707037567381,0.00572197959066513,"2353/3725/3320/3326",4
"R-HSA-450531","Regulation of mRNA stability by proteins that bind AU-rich elements","3/39","63/10173",0.0476190476190476,12.4212454212454,5.6409622064495,0.00176473217433062,0.0119139730566116,0.00636698155252119,"3303/3304/3315",3
"R-HSA-8862803","Deregulated CDK5 triggers multiple neurodegenerative pathways in Alzheimer's disease models","2/39","17/10173",0.117647058823529,30.6877828054299,7.59951554940203,0.00187818959443846,0.0119139730566116,0.00636698155252119,"3725/6648",2
"R-HSA-8863678","Neurodegenerative Diseases","2/39","17/10173",0.117647058823529,30.6877828054299,7.59951554940203,0.00187818959443846,0.0119139730566116,0.00636698155252119,"3725/6648",2
"R-HSA-909733","Interferon alpha/beta signaling","3/39","67/10173",0.0447761194029851,11.6796785304248,5.4406521979949,0.00210649406122489,0.0119139730566116,0.00636698155252119,"8651/9021/3659",3
"R-HSA-6783589","Interleukin-6 family signaling","2/39","18/10173",0.111111111111111,28.982905982906,7.37113102942359,0.00210785677155437,0.0119139730566116,0.00636698155252119,"9021/3569",2
"R-HSA-9674555","Signaling by CSF3 (G-CSF)","2/39","18/10173",0.111111111111111,28.982905982906,7.37113102942359,0.00210785677155437,0.0119139730566116,0.00636698155252119,"8651/9021",2
"R-HSA-9705462","Inactivation of CSF3 (G-CSF) signaling","2/39","18/10173",0.111111111111111,28.982905982906,7.37113102942359,0.00210785677155437,0.0119139730566116,0.00636698155252119,"8651/9021",2
"R-HSA-9734009","Defective Intrinsic Pathway for Apoptosis","2/39","18/10173",0.111111111111111,28.982905982906,7.37113102942359,0.00210785677155437,0.0119139730566116,0.00636698155252119,"3725/6648",2
"R-HSA-982772","Growth hormone receptor signaling","2/39","18/10173",0.111111111111111,28.982905982906,7.37113102942359,0.00210785677155437,0.0119139730566116,0.00636698155252119,"8651/9021",2
"R-HSA-112409","RAF-independent MAPK1/3 activation","2/39","19/10173",0.105263157894737,27.4574898785425,7.16064080288699,0.00235014776101222,0.0124701717931261,0.00666422136312811,"1843/3569",2
"R-HSA-9660826","Purinergic signaling in leishmaniasis infection","2/39","19/10173",0.105263157894737,27.4574898785425,7.16064080288699,0.00235014776101222,0.0124701717931261,0.00666422136312811,"3162/3326",2
"R-HSA-9664424","Cell recruitment (pro-inflammatory response)","2/39","19/10173",0.105263157894737,27.4574898785425,7.16064080288699,0.00235014776101222,0.0124701717931261,0.00666422136312811,"3162/3326",2
"R-HSA-2559583","Cellular Senescence","4/39","155/10173",0.0258064516129032,6.73151364764268,4.4605631842389,0.0028163922603155,0.0143611058218276,0.00767476100599696,"2353/3725/3576/3569",4
"R-HSA-9013418","RHOBTB2 GTPase cycle","2/39","21/10173",0.0952380952380952,24.8424908424908,6.78469761681457,0.00287222116436553,0.0143611058218276,0.00767476100599696,"3320/3326",2
"R-HSA-9613829","Chaperone Mediated Autophagy","2/39","21/10173",0.0952380952380952,24.8424908424908,6.78469761681457,0.00287222116436553,0.0143611058218276,0.00767476100599696,"3320/3326",2
"R-HSA-380994","ATF4 activates genes in response to endoplasmic reticulum  stress","2/39","22/10173",0.0909090909090909,23.7132867132867,6.61579346761597,0.00315181484839826,0.0154617332185575,0.00826295054594975,"3576/6347",2
"R-HSA-2871796","FCERI mediated MAPK activation","2/39","23/10173",0.0869565217391304,22.6822742474916,6.45774303157807,0.00344365488032921,0.0159883976586714,0.00854440684592963,"2353/3725",2
"R-HSA-912694","Regulation of IFNA/IFNB signaling","2/39","23/10173",0.0869565217391304,22.6822742474916,6.45774303157807,0.00344365488032921,0.0159883976586714,0.00854440684592963,"8651/9021",2
"R-HSA-9615017","FOXO-mediated transcription of oxidative stress, metabolic and neuronal genes","2/39","23/10173",0.0869565217391304,22.6822742474916,6.45774303157807,0.00344365488032921,0.0159883976586714,0.00854440684592963,"6648/847",2
"R-HSA-877300","Interferon gamma signaling","3/39","81/10173",0.037037037037037,9.66096866096866,4.85473339482429,0.00361564835167608,0.0164924310778207,0.00881376883511066,"8651/9021/3659",3
"R-HSA-450282","MAPK targets/ Nuclear events mediated by MAP kinases","2/39","24/10173",0.0833333333333333,21.7371794871795,6.30940942993603,0.00374764816105966,0.0167839119815025,0.00896954000630901,"2353/3725",2
"R-HSA-166058","MyD88:MAL(TIRAP) cascade initiated on plasma membrane","3/39","83/10173",0.036144578313253,9.42817423540315,4.782687417111,0.0038732104572698,0.0167839119815025,0.00896954000630901,"2353/3725/8651",3
"R-HSA-168188","Toll Like Receptor TLR6:TLR2 Cascade","3/39","83/10173",0.036144578313253,9.42817423540315,4.782687417111,0.0038732104572698,0.0167839119815025,0.00896954000630901,"2353/3725/8651",3
"R-HSA-168179","Toll Like Receptor TLR1:TLR2 Cascade","3/39","85/10173",0.0352941176470588,9.20633484162896,4.71304068502865,0.00414172250240519,0.0173685137197637,0.00928195874902352,"2353/3725/8651",3
"R-HSA-181438","Toll Like Receptor 2 (TLR2) Cascade","3/39","85/10173",0.0352941176470588,9.20633484162896,4.71304068502865,0.00414172250240519,0.0173685137197637,0.00928195874902352,"2353/3725/8651",3
"R-HSA-9909649","Regulation of PD-L1(CD274) transcription","3/39","86/10173",0.0348837209302326,9.09928443649374,4.67907380542319,0.00428012873547862,0.0176640233527689,0.00943988292536639,"2353/3725/3659",3
"R-HSA-5339562","Uptake and actions of bacterial toxins","2/39","26/10173",0.0769230769230769,20.0650887573964,6.0381195096158,0.0043917245808055,0.0178413811095223,0.00953466520832773,"3320/3326",2
"R-HSA-418594","G alpha (i) signalling events","5/39","287/10173",0.0174216027874564,4.54435808094345,3.77844640260447,0.00452873909184118,0.0181149563673647,0.00968086737041353,"3576/2920/2921/6374/3627",5
"R-HSA-381042","PERK regulates gene expression","2/39","27/10173",0.0740740740740741,19.3219373219373,5.91358543423316,0.00473162402294077,0.0186397309994637,0.00996131373250689,"3576/6347",2
"R-HSA-5218859","Regulated Necrosis","2/39","29/10173",0.0689655172413793,17.9893899204244,5.68351737284255,0.00544668984682794,0.0211364083608248,0.0112955704600359,"3320/3659",2
"R-HSA-168274","Export of Viral Ribonucleoproteins from Nucleus","2/39","30/10173",0.0666666666666667,17.3897435897436,5.57692242098944,0.00582167549589276,0.021936748245393,0.011723282463125,"3303/3304",2
"R-HSA-9706574","RHOBTB GTPase Cycle","2/39","30/10173",0.0666666666666667,17.3897435897436,5.57692242098944,0.00582167549589276,0.021936748245393,0.011723282463125,"3320/3326",2
"R-HSA-383280","Nuclear Receptor transcription pathway","2/39","33/10173",0.0606060606060606,15.8088578088578,5.28572524950307,0.00701536925022359,0.0260570857865448,0.0139252442260077,"2908/4306",2
"R-HSA-9031628","NGF-stimulated transcription","2/39","34/10173",0.0588235294117647,15.3438914027149,5.19701433582453,0.00743588389220615,0.0272299973517408,0.0145520633620639,"6446/2353",2
"R-HSA-156590","Glutathione conjugation","2/39","35/10173",0.0571428571428571,14.9054945054945,5.11198235170499,0.00786756032629493,0.0280214477374888,0.0149750247018159,"2729/2730",2
"R-HSA-8950505","Gene and protein expression by JAK-STAT signaling after Interleukin-12 stimulation","2/39","35/10173",0.0571428571428571,14.9054945054945,5.11198235170499,0.00786756032629493,0.0280214477374888,0.0149750247018159,"6647/6648",2
"R-HSA-211859","Biological oxidations","4/39","209/10173",0.0191387559808612,4.99227088700773,3.61760641104974,0.0081129967643601,0.0285051237666706,0.0152335074380588,"1584/3326/2729/2730",4
"R-HSA-166016","Toll Like Receptor 4 (TLR4) Cascade","3/39","111/10173",0.027027027027027,7.04989604989605,3.97568781559897,0.00868624286457881,0.0301123085972066,0.016092407833325,"2353/3725/8651",3
"R-HSA-168643","Nucleotide-binding domain, leucine rich repeat containing receptor (NLR) signaling pathways","2/39","40/10173",0.05,13.0423076923077,4.73386341598599,0.0101903330793843,0.0348616657978936,0.0186305258515059,"3162/3326",2
"R-HSA-9020591","Interleukin-12 signaling","2/39","44/10173",0.0454545454545455,11.8566433566434,4.4769645276273,0.0122406924512859,0.0413322082770693,0.0220884675812678,"6647/6648",2
"R-HSA-2029482","Regulation of actin dynamics for phagocytic cup formation","2/39","45/10173",0.0444444444444444,11.5931623931624,4.41789174593867,0.012779267062287,0.04259755687429,0.0227646862648027,"3320/3326",2
"R-HSA-450294","MAP kinase activation","2/39","46/10173",0.0434782608695652,11.3411371237458,4.36065609355426,0.0133280697469742,0.0438645333444721,0.0234417749047381,"2353/3725",2
"R-HSA-5668914","Diseases of metabolism","4/39","244/10173",0.0163934426229508,4.27616645649433,3.21331385445188,0.0137553957019914,0.044705036031472,0.0238909504297745,"1584/4158/2729/2730",4
"R-HSA-447115","Interleukin-12 family signaling","2/39","49/10173",0.0408163265306122,10.6467817896389,4.19903462621632,0.0150350272817467,0.0476804927360862,0.0254810730411473,"6647/6648",2
"R-HSA-168898","Toll-like Receptor Cascades","3/39","136/10173",0.0220588235294118,5.7539592760181,3.46232617097308,0.0150376938629195,0.0476804927360862,0.0254810730411473,"2353/3725/8651",3
