"","logFC","AveExpr","t","P.Value","adj.P.Val","B"
"219073_s_at",0.940564999999998,8.1692225,6.7880667710277,7.05324897883986e-05,0.999986929681086,-2.9049354301079
"213802_at",0.861450000000002,7.877965,6.61671577582705,8.6102447458415e-05,0.999986929681086,-2.92521550375874
"203200_s_at",0.541040000000001,9.625045,6.42933156029248,0.000107529296405275,0.999986929681086,-2.94872237030932
"213975_s_at",-1.269185,5.19411,-6.40285467454366,0.000110998271515551,0.999986929681086,-2.95216138938403
"204320_at",1.1461775,7.82974875,5.95574186100697,0.000192334298605382,0.999986929681086,-3.01502085877322
"37892_at",1.3963,8.2542275,5.63619519824146,0.000289544240402455,0.999986929681086,-3.06607205267387
"241404_at",2.3008675,5.93197625,5.62011790647748,0.000295673947093569,0.999986929681086,-3.06878926416472
"225275_at",1.294825,10.3541625,5.53278205987534,0.000331518296875947,0.999986929681086,-3.08381202643605
"204337_at",1.20725,12.213975,5.50502407438902,0.000343873116273879,0.999986929681086,-3.08868097465879
"204529_s_at",1.80483,5.1769075,5.48978328785205,0.00035086739663412,0.999986929681086,-3.0913739634045
"235587_at",-0.613465,6.2266025,-5.4803194870896,0.000355287722742712,0.999986929681086,-3.09305323507398
"230660_at",1.0828525,6.59433625,5.44223865416448,0.000373691802488139,0.999986929681086,-3.09986540692249
"206704_at",0.654315,6.7133975,5.3739812786591,0.000409306750993331,0.999986929681086,-3.11229960479053
"201976_s_at",0.702137499999999,10.14958125,5.36379068905508,0.000414930960243135,0.999986929681086,-3.11418099092162
"231361_at",0.6658075,5.64523375,5.35134225618764,0.000421914638479342,0.999986929681086,-3.11648813165453
"205679_x_at",1.617305,8.2924225,5.23708459039101,0.000492268925144586,0.999986929681086,-3.1381295901121
"237939_at",2.5014825,5.16379875,5.23192081690924,0.000495733712495425,0.999986929681086,-3.1391277968318
"1568618_a_at",0.694700000000001,10.668525,5.20692713298305,0.000512879324293991,0.999986929681086,-3.14398435786803
"206757_at",0.583607500000002,4.22177125,5.17288314571235,0.000537268443821808,0.999986929681086,-3.15066678543384
"235171_at",1.6111375,4.84753875,5.02123995284599,0.000662123775692528,0.999986929681086,-3.18139892294491
"217161_x_at",1.2054875,8.30658125,4.99114601183327,0.000690429288219239,0.999986929681086,-3.18769025453623
"238623_at",-0.857782499999999,9.84818375,-4.98856127812464,0.000692920346411528,0.999986929681086,-3.18823364561343
"204338_s_at",1.1077,8.552925,4.95430027282483,0.000726867700404264,0.999986929681086,-3.1954820898718
"223618_at",0.665527500000001,9.87878375,4.90298212352619,0.000781100378949422,0.999986929681086,-3.20649989125935
"223315_at",2.0261825,9.35476625,4.84782095696688,0.000844273704276232,0.999986929681086,-3.2185610559738
"225544_at",-0.677032500000001,10.07235875,-4.84216344158734,0.000851056340709043,0.999986929681086,-3.2198110375783
"218468_s_at",0.680674999999995,13.0554125,4.79899451188644,0.000904774959152366,0.999986929681086,-3.22942908885321
"206805_at",0.787469999999997,7.02421,4.73076259495402,0.000997230002266473,0.999986929681086,-3.24492423122291
"227961_at",0.696175,11.2718875,4.72987879050343,0.000998491987118982,0.999986929681086,-3.24512732276918
"229125_at",-0.9188,6.75851,-4.72070713764574,0.00101168961688239,0.999986929681086,-3.24723852818568
"230538_at",-0.655995,5.07096,-4.71792203696761,0.00101573413821818,0.999986929681086,-3.24788093750328
"243813_at",1.045585,7.8300775,4.70711146784734,0.00103159801378957,0.999986929681086,-3.25038030146894
"219682_s_at",-0.903902500000001,9.05577375,-4.70539128072842,0.00103414665370659,0.999986929681086,-3.25077885528712
"212365_at",0.516535000000001,10.3056325,4.65554856657645,0.00111099943677814,0.999986929681086,-3.26242937943254
"229576_s_at",-0.631415000000002,7.20576,-4.5933917262246,0.00121550306462178,0.999986929681086,-3.277238865248
"211373_s_at",0.611992499999999,7.60457875,4.5702052201389,0.00125713607884287,0.999986929681086,-3.28284415905193
"201721_s_at",-0.517272500000001,7.01341375,-4.52678637303193,0.0013392512615509,0.999986929681086,-3.29346033870524
"222586_s_at",0.816969999999998,6.999355,4.4484366630008,0.0015022720225049,0.999986929681086,-3.31301816577318
"227875_at",0.988637500000003,6.98124375,4.43056409931975,0.00154234701170949,0.999986929681086,-3.31755280143502
"213764_s_at",0.548525000000003,11.8532375,4.42515463984119,0.00155469996906796,0.999986929681086,-3.31893070902677
"201723_s_at",0.589099999999998,10.4073,4.41375161410146,0.00158108655670738,0.999986929681086,-3.32184358188383
"244183_x_at",0.8622525,3.90780625,4.36131266191874,0.00170872397896815,0.999986929681086,-3.33538438559526
"235209_at",1.7339125,7.07832625,4.35816423036105,0.00171672872774389,0.999986929681086,-3.33620502392714
"212551_at",0.67764,9.30686,4.33269124976363,0.00178297986496686,0.999986929681086,-3.34287665759397
"235770_at",-0.6268575,6.91092125,-4.32582608118318,0.00180129692252931,0.999986929681086,-3.34468452284209
"237206_at",1.13228,5.5144475,4.32227514980516,0.00181084970189369,0.999986929681086,-3.34562126011236
"213765_at",0.550950000000004,11.58705,4.27252245073061,0.00195051510460322,0.999986929681086,-3.35886421568678
"213425_at",0.754344999999998,8.120065,4.26385633136457,0.001975992490648,0.999986929681086,-3.36119360822099
"223000_s_at",-0.98943,6.7408475,-4.26081302358857,0.00198502319880342,0.999986929681086,-3.36201323338248
"227123_at",0.787612500000002,9.25091125,4.20725241949787,0.00215134817949057,0.999986929681086,-3.37657553798463
"207692_s_at",1.5357525,8.15507375,4.16619070738303,0.00228886221223955,0.999986929681086,-3.38791704822098
"201645_at",-1.30595,11.0937,-4.10246986470839,0.00252104212714918,0.999986929681086,-3.40582610194048
"210989_at",-0.513470000000001,5.656265,-4.08599134529672,0.00258506263170384,0.999986929681086,-3.4105192103305
"204416_x_at",-0.728425000000001,7.1557825,-4.08236994068891,0.00259936164343084,0.999986929681086,-3.41155401466978
"204262_s_at",0.508002500000002,7.87115125,4.07995699238421,0.00260893559803783,0.999986929681086,-3.41224419243823
"238127_at",-0.8517575,6.06190375,-4.04860875912439,0.00273676900685642,0.999986929681086,-3.42126074369398
"226129_at",-0.671069999999998,7.388625,-4.00096481652494,0.00294390664353444,0.999986929681086,-3.43514317622827
"215664_s_at",1.0500725,4.36443875,3.97264764671699,0.00307482183918055,0.999986929681086,-3.44349718424498
"1555471_a_at",0.679270000000001,8.677525,3.9546799449776,0.00316106973841215,0.999986929681086,-3.44883801229093
"206029_at",1.7728175,8.04085125,3.94011320711173,0.00323286784504562,0.999986929681086,-3.45319084749675
"205111_s_at",0.516722499999999,5.95861125,3.9202708356691,0.00333345195282251,0.999986929681086,-3.45915329564798
"204881_s_at",0.536212500000001,8.62216375,3.91078163921998,0.00338271711472678,0.999986929681086,-3.46201826155262
"221541_at",-1.432275,8.3639925,-3.90769311028799,0.00339891716552261,0.999986929681086,-3.46295264129738
"205295_at",-0.505725,6.0272875,-3.89919898047595,0.00344389451362188,0.999986929681086,-3.46552719571161
"203337_x_at",-1.1972675,8.20233375,-3.88886722653794,0.00349945031573733,0.999986929681086,-3.46866824423389
"230559_x_at",1.0911875,4.11556375,3.86323672923385,0.00364139165821999,0.999986929681086,-3.47650560504198
"212554_at",0.643257500000001,10.14979625,3.85850939862186,0.00366822815922266,0.999986929681086,-3.47795819586077
"219825_at",-1.1963375,6.65981125,-3.85486492138037,0.00368905972937841,0.999986929681086,-3.47907955575934
"214307_at",0.514589999999999,4.9699425,3.83307605092727,0.00381623255958107,0.999986929681086,-3.48581106168339
"205221_at",1.00596,5.9377775,3.82352164950538,0.003873447007427,0.999986929681086,-3.48877762674216
"215913_s_at",0.551770000000002,6.891005,3.79978998550573,0.00401950300801951,0.999986929681086,-3.49618528894507
"203158_s_at",0.729075,9.036795,3.76707509795316,0.00423041902667719,0.999986929681086,-3.50648888391069
"228754_at",0.7992875,8.74868875,3.75863805059069,0.00428668069465863,0.999986929681086,-3.50916347535933
"206290_s_at",1.122745,7.6477425,3.75847851298465,0.00428775210621648,0.999986929681086,-3.50921411828146
"218469_at",0.637675000000003,13.2023125,3.75644067595833,0.00430146246974339,0.999986929681086,-3.50986122448927
"206625_at",-0.8809775,6.78383875,-3.75018385707201,0.00434384652619791,0.999986929681086,-3.51185064827629
"219926_at",0.638534999999999,8.87504,3.73567689034023,0.00444381568651144,0.999986929681086,-3.51647839377489
"206932_at",-0.558712499999999,8.56012125,-3.72760356050103,0.00450049459702106,0.999986929681086,-3.51906294776787
"235210_s_at",2.4372725,6.84078875,3.71921935265776,0.00456016077268627,0.999986929681086,-3.52175395913641
"205990_s_at",0.877892500000002,9.28671125,3.71870082091523,0.00456387808533807,0.999986929681086,-3.52192062024767
"214974_x_at",-1.21491,7.011305,-3.7186534454177,0.00456421787517494,0.999986929681086,-3.52193584853915
"230869_at",0.7933275,4.98979375,3.70748049834595,0.0046451002154996,0.999986929681086,-3.52553357040123
"234994_at",0.555075,12.1175625,3.70629611225163,0.0046537619535788,0.999986929681086,-3.52591568334425
"232287_at",0.6625225,8.42817125,3.70293083268606,0.00467846585490814,0.999986929681086,-3.52700217938274
"225606_at",-0.5668825,5.93023375,-3.68429007084156,0.00481782079816914,0.999986929681086,-3.53304112886527
"211162_x_at",-0.664012500000002,8.19384125,-3.6001475966969,0.00550325040374256,0.999986929681086,-3.56073836610539
"209396_s_at",-2.1399525,7.17967375,-3.57274784703542,0.00574791345062507,0.999986929681086,-3.56991304404692
"237252_at",-0.843662499999999,6.76673625,-3.56936744686724,0.00577887787109913,0.999986929681086,-3.57105026676432
"219779_at",0.546922500000001,8.29999625,3.55780214257976,0.00588614238280673,0.999986929681086,-3.57494986044417
"233234_at",0.841107500000002,7.12450625,3.55696605329026,0.00589397713241485,0.999986929681086,-3.57523230342883
"223775_at",2.525175,5.9071375,3.55521341144628,0.00591043604563546,0.999986929681086,-3.57582460307636
"231183_s_at",0.805912499999999,6.51909375,3.55390094755465,0.0059227927560377,0.999986929681086,-3.57626835175571
"205534_at",0.640362499999998,8.05035875,3.55020221024499,0.0059577615452447,0.999986929681086,-3.57751985603536
"201313_at",-0.650422500000003,8.70760125,-3.54796367244076,0.00597903005245703,0.999986929681086,-3.57827796737369
"201859_at",1.3181825,11.15328375,3.54446892403936,0.00601239276161749,0.999986929681086,-3.57946253685448
"211029_x_at",-0.789655000000002,6.380705,-3.54158618497049,0.00604005938387071,0.999986929681086,-3.58044060243364
"229674_at",0.9823225,6.64043375,3.53759692869139,0.0060785653369103,0.999986929681086,-3.58179549436759
"204339_s_at",1.1560725,9.16725375,3.53104463795649,0.006142368580375,0.999986929681086,-3.58402442000883
"206987_x_at",-0.807585000000003,6.591045,-3.53011969998474,0.00615143142712957,0.999986929681086,-3.58433941503163
"202820_at",0.734834999999999,9.4484675,3.52264008082292,0.00622523457370534,0.999986929681086,-3.58688987985621
"236787_at",-0.552175000000002,7.149305,-3.50973854192729,0.00635471917758147,0.999986929681086,-3.59130263462928
"228810_at",0.522059999999999,8.0308425,3.50658569527572,0.00638678802393971,0.999986929681086,-3.5923836082946
"221252_s_at",0.5119775,5.28958875,3.49869058959817,0.00646783592393185,0.999986929681086,-3.59509497007526
"235821_at",0.8669075,5.17978375,3.48441735815347,0.00661709597172545,0.999986929681086,-3.60001296447449
"242255_at",-0.503660000000001,5.545665,-3.47412100580318,0.00672699749116385,0.999986929681086,-3.60357367002185
"1558945_s_at",-1.2187725,3.50843375,-3.47034603840366,0.00676776649998391,0.999986929681086,-3.6048818649051
"207453_s_at",-0.580802499999999,6.13680375,-3.4581559820541,0.00690118595669133,0.999986929681086,-3.60911626158254
"205893_at",0.918730000000001,6.1247825,3.45423820081243,0.00694464597230481,0.999986929681086,-3.61048040340347
"229809_at",-0.507242500000001,5.01944125,-3.44716572552283,0.00702382508655321,0.999986929681086,-3.61294698035759
"216222_s_at",0.610427499999997,8.54423625,3.44708002399705,0.00702479029892913,0.999986929681086,-3.61297690091419
"202075_s_at",-0.611287499999999,7.44984875,-3.44346632648676,0.00706561560474124,0.999986929681086,-3.61423922066559
"201417_at",-0.883945000000001,10.7822275,-3.43168992069196,0.00720038258481554,0.999986929681086,-3.61836221556397
"242100_at",0.617042499999997,7.75743625,3.43111229841912,0.00720706130314482,0.999986929681086,-3.61856481165958
"227006_at",1.4861425,7.93049625,3.42865748101142,0.00723551704282638,0.999986929681086,-3.61942620068563
"239367_at",0.651844999999998,7.6183875,3.42680154105571,0.00725710840157509,0.999986929681086,-3.62007785650576
"209395_at",-2.7364875,6.81861125,-3.42197299113547,0.00731359710217886,0.999986929681086,-3.62177491170848
"241969_at",0.75952,6.5820775,3.4216409669242,0.00731749820957163,0.999986929681086,-3.62189169393285
"200831_s_at",-0.83587,10.15734,-3.41246252931016,0.00742620238168764,0.999986929681086,-3.62512449611242
"201722_s_at",0.515825000000001,10.7539625,3.40296276832166,0.00754048428472115,0.999986929681086,-3.62847959765053
"236718_at",0.727929999999999,6.7756275,3.37489399683503,0.00788896740848805,0.999986929681086,-3.63844707634872
"229437_at",-1.112755,4.5200825,-3.37090118718165,0.00793988396668017,0.999986929681086,-3.63987154144412
"213183_s_at",-0.7643375,6.09693375,-3.3675757177221,0.00798255133822296,0.999986929681086,-3.64105917889652
"203394_s_at",-0.598157500000002,8.23996375,-3.36660658753593,0.00799503055262037,0.999986929681086,-3.64140550195349
"208963_x_at",-0.6858,9.500485,-3.35605022600288,0.0081322828122944,0.999986929681086,-3.64518411884352
"205366_s_at",-0.610462499999999,8.63449375,-3.35353390090037,0.0081653597197556,0.999986929681086,-3.64608652014127
"229339_at",0.930390000000001,6.3664825,3.35165898955182,0.00819009616646293,0.999986929681086,-3.64675932151792
"231382_at",-0.913757499999999,7.23640875,-3.34394108576326,0.00829274436621088,0.999986929681086,-3.64953265173466
"214825_at",0.647704999999998,6.2896675,3.34198670228509,0.00831894916288634,0.999986929681086,-3.65023590561306
"240407_at",-0.605372500000003,7.06574625,-3.34019074892969,0.00834310553743311,0.999986929681086,-3.65088249690202
"231947_at",1.729525,6.2544825,3.33893488595135,0.00836004073531982,0.999986929681086,-3.65133483805554
"230275_at",-0.629884999999999,7.205865,-3.33874266582184,0.00836263595531506,0.999986929681086,-3.65140408687579
"237384_x_at",0.768885,3.61279,3.33482322698445,0.00841573631645715,0.999986929681086,-3.6528169233426
"1569403_at",-0.862264999999999,4.8081875,-3.30089237917989,0.0088903237300704,0.999986929681086,-3.6651138689484
"227280_s_at",0.638652499999999,9.61839875,3.28624242289615,0.00910373516548533,0.999986929681086,-3.67045969004214
"219534_x_at",-0.531295,6.71455,-3.28247507840098,0.00915946945109922,0.999986929681086,-3.67183796239849
"242565_x_at",-0.532952499999999,7.08119375,-3.27641249705496,0.00924990331026217,0.999986929681086,-3.67405899242019
"209774_x_at",-0.7735925,6.25923375,-3.27143883361853,0.00932478487804022,0.999986929681086,-3.67588390663033
"207813_s_at",-0.653519999999997,9.1048075,-3.2668150643161,0.00939496203426845,0.999986929681086,-3.67758271002225
"1559966_a_at",0.6348075,5.22217875,3.26602383810549,0.00940702557550697,0.999986929681086,-3.67787363094167
"203217_s_at",0.673607499999998,7.91822625,3.24596751310492,0.00971823548718075,0.999986929681086,-3.68526938851719
"236453_at",0.898235000000002,7.8861675,3.24332061787606,0.00976009599634028,0.999986929681086,-3.68624849952317
"227948_at",1.3488325,6.01436875,3.24152285314988,0.00978863395049474,0.999986929681086,-3.68691391722324
"204235_s_at",0.930407500000001,8.58862625,3.23863847368424,0.00983460155010106,0.999986929681086,-3.68798221958922
"205381_at",1.2601625,8.82029125,3.23857714351511,0.00983558137509921,0.999986929681086,-3.6880049439767
"229824_at",0.934940000000006,7.71638,3.23502093955936,0.00989256923094142,0.999986929681086,-3.68932326434519
"216005_at",-0.602542499999999,5.01966625,-3.23406553521269,0.00990793765638601,0.999986929681086,-3.68967766217512
"201559_s_at",0.5075425,10.14632875,3.2333898995386,0.00991882069559138,0.999986929681086,-3.68992833877771
"204897_at",1.168755,6.532785,3.22604974959714,0.0100378549525327,0.999986929681086,-3.69265470570978
"221031_s_at",0.751505000000001,6.97895,3.21746643515519,0.0101789258904885,0.999986929681086,-3.69584978866511
"230263_s_at",0.514405,8.71123,3.21206100306974,0.0102688175388309,0.999986929681086,-3.69786577592515
"235004_at",1.03147,8.9704125,3.20906888682745,0.0103189285805203,0.999986929681086,-3.69898298167157
"213909_at",-1.2000025,9.76081125,-3.20133874535703,0.0104495641705941,0.999986929681086,-3.70187350133468
"201308_s_at",0.645029999999998,6.595285,3.19715028168006,0.0105210599662396,0.999986929681086,-3.70344222425107
"235719_at",-1.0645025,5.50312375,-3.19511180860523,0.0105560387658277,0.999986929681086,-3.7042063469355
"237442_at",-0.536417500000001,4.69323875,-3.19503721404734,0.0105573210339213,0.999986929681086,-3.70423431674875
"203887_s_at",-0.927877499999999,9.49145375,-3.19242298868359,0.01060236093373,0.999986929681086,-3.70521489790497
"204271_s_at",-0.774612499999999,6.16224875,-3.17585065559265,0.0108925373963981,0.999986929681086,-3.71144721718984
"229667_s_at",-0.641117500000001,6.92031625,-3.17536825452788,0.010901105896501,0.999986929681086,-3.71162904966316
"1559965_at",0.963402500000001,6.31642875,3.15605916616646,0.0112498531154678,0.999986929681086,-3.71892660318008
"226218_at",1.1124275,8.83501375,3.15512308509596,0.0112670497385565,0.999986929681086,-3.71928133763616
"211708_s_at",-0.761055000000002,8.2658425,-3.14905858305361,0.0113791188030954,0.999986929681086,-3.72158166619688
"202468_s_at",0.535449999999999,10.2482,3.1483917477841,0.0113915115619262,0.999986929681086,-3.72183483023771
"242856_at",0.9446475,6.75312625,3.14050915291005,0.0115390643074788,0.999986929681086,-3.72483085571916
"224435_at",-1.4444625,6.17539625,-3.12784052982627,0.0117803470098123,0.999986929681086,-3.729659072217
"244455_at",0.53681,4.641485,3.12303713156448,0.0118731852106351,0.999986929681086,-3.7314939452712
"1552487_a_at",-0.741507500000001,7.11795125,-3.11954723501677,0.0119411091132197,0.999986929681086,-3.73282852124437
"1556173_a_at",-0.515442500000002,5.71805375,-3.11050944232775,0.0121188785519592,0.999986929681086,-3.73629035641501
"215039_at",-0.877265000000001,6.6398125,-3.10607608334978,0.0122070749283837,0.999986929681086,-3.73799150314016
"228299_at",0.622025000000002,10.9677875,3.09897710934897,0.0123496791900266,0.999986929681086,-3.74071958447972
"213496_at",1.31804,6.3115325,3.09518714578006,0.0124265130122492,0.999986929681086,-3.74217810209184
"1558944_at",-0.556960000000001,5.074225,-3.08970467256101,0.0125385305395344,0.999986929681086,-3.74429049902855
"244350_at",0.867455000000001,6.878,3.08927383281368,0.0125473773441557,0.999986929681086,-3.74445662875659
"205105_at",0.546574999999997,9.7571175,3.08541780668223,0.0126268429699063,0.999986929681086,-3.74594431841293
"228989_at",-0.631652500000001,6.98579625,-3.08163057787114,0.012705394816232,0.999986929681086,-3.7474069085818
"206552_s_at",-1.036845,3.436485,-3.07689325905696,0.0128043607704523,0.999986929681086,-3.74923842562369
"230276_at",-0.526492500000001,4.33062125,-3.07678174930545,0.0128066998146429,0.999986929681086,-3.74928156384733
"222780_s_at",-0.963927499999999,6.36301375,-3.07650705851368,0.0128124636417143,0.999986929681086,-3.74938783492503
"224937_at",-0.569647500000002,9.09114875,-3.06995641744732,0.0129507086132415,0.999986929681086,-3.75192433976089
"1557080_s_at",0.518154999999998,9.793475,3.06794554520441,0.0129934530498813,0.999986929681086,-3.75270383485537
"201416_at",-0.925445,9.2397975,-3.06482864874922,0.0130599946758733,0.999986929681086,-3.75391286319794
"204933_s_at",1.2657925,9.39133875,3.06433764037049,0.0130705089464609,0.999986929681086,-3.75410341079626
"204237_at",0.9260625,9.55249125,3.05919395899915,0.013181178134087,0.999986929681086,-3.75610097765793
"203399_x_at",-1.018625,9.0444325,-3.05717072111757,0.0132249726785065,0.999986929681086,-3.75688742812302
"242722_at",0.635175000000004,11.1366375,3.05675016582652,0.0132340946743925,0.999986929681086,-3.7570509526073
"208964_s_at",-0.591085,9.98819,-3.04949868776278,0.0133924024845977,0.999986929681086,-3.75987329866805
"222734_at",-1.29199,7.8653575,-3.04782353274094,0.0134292487542404,0.999986929681086,-3.76052602513409
"216268_s_at",0.814380000000002,9.799305,3.02799128264792,0.0138734684448762,0.999986929681086,-3.76827474061456
"201724_s_at",0.567745000000006,9.9082925,3.02475271560167,0.0139474286579682,0.999986929681086,-3.76954377035839
"201162_at",0.702824999999995,13.2407125,3.02287028888602,0.0139906040392724,0.999986929681086,-3.77028187141853
"204932_at",1.2410225,8.97959125,3.01472523561098,0.0141790050206859,0.999986929681086,-3.77347956261404
"206644_at",-0.62628,5.52148,-3.00083859150325,0.0145062339771028,0.999986929681086,-3.77894634741534
"226047_at",0.723177500000002,9.17568875,2.99038900037413,0.0147575676737451,0.999986929681086,-3.78307247771353
"1558846_at",-0.5569025,5.31536125,-2.98570762068718,0.0148716070691614,0.999986929681086,-3.78492441841567
"228121_at",0.605735000000001,6.5614275,2.98349758573916,0.0149257572282428,0.999986929681086,-3.78579944235123
"201656_at",0.686677499999998,8.20466125,2.98063116207756,0.0149962911037572,0.999986929681086,-3.78693505828493
"226237_at",1.366025,9.458695,2.97132227252455,0.0152277170106984,0.999986929681086,-3.79062853721084
"241700_at",0.509187499999998,7.25087125,2.96958235683924,0.0152713764944773,0.999986929681086,-3.79131981258322
"1559141_s_at",-0.683335,7.4443975,-2.96481769669364,0.0153915924139402,0.999986929681086,-3.79321432885105
"211741_x_at",-1.157765,8.903485,-2.96388616756615,0.0154152085239585,0.999986929681086,-3.79358497818165
"34210_at",-0.662585,4.0775425,-2.96247044788353,0.015451170833997,0.999986929681086,-3.79414844412234
"218559_s_at",-1.4866475,9.33720125,-2.96192745348335,0.0154649868179165,0.999986929681086,-3.79436461084958
"227487_s_at",0.7861075,5.93784875,2.960194763913,0.0155091580498016,0.999986929681086,-3.79505458680922
"210089_s_at",-0.6947925,8.60396125,-2.95114442396439,0.0157419835555908,0.999986929681086,-3.798663231471
"224646_x_at",0.845999999999998,11.41505,2.95086543782407,0.0157492171688187,0.999986929681086,-3.7987745968954
"1570155_at",0.821630000000001,7.6359175,2.9504976767199,0.0157587577520179,0.999986929681086,-3.79892141085482
"1555167_s_at",-0.549572499999998,6.74569625,-2.9428372520955,0.0159588361670194,0.999986929681086,-3.80198248223187
"237107_at",-0.6417625,4.53495625,-2.93680065157188,0.0161183308977756,0.999986929681086,-3.8043986434751
"206950_at",1.2142325,5.76753875,2.93414682385846,0.0161889630038768,0.999986929681086,-3.80546194643605
"226931_at",0.757282500000001,8.02010875,2.93210649668432,0.01624348165576,0.999986929681086,-3.8062798971175
"227525_at",0.6257025,6.56807375,2.92968126420615,0.0163085292375475,0.999986929681086,-3.80725267016419
"201348_at",-0.79495,11.0024,-2.92658210814557,0.0163920396846789,0.999986929681086,-3.80849657384325
"239208_s_at",-0.583460000000001,7.56425,-2.92347918816088,0.0164760891531808,0.999986929681086,-3.80974290500966
"201858_s_at",1.3500775,9.99223625,2.91802181329025,0.0166249834554303,0.999986929681086,-3.81193715814585
"204830_x_at",-1.3020475,10.40453125,-2.91775939391042,0.0166321776010698,0.999986929681086,-3.8120427407363
"236632_at",1.1069425,7.64684375,2.91703104144656,0.0166521618140102,0.999986929681086,-3.81233582248523
"228176_at",0.825682499999996,8.76074125,2.91054130043096,0.0168313102211516,0.999986929681086,-3.81494945130203
"228645_at",-0.601075000000002,7.1340275,-2.90989168654829,0.0168493506919904,0.999986929681086,-3.81521129160772
"230135_at",2.1033925,6.64462125,2.90715320949231,0.0169256183092481,0.999986929681086,-3.81631553048905
"232636_at",0.791494999999999,5.0909725,2.90074003605245,0.0171056089723369,0.999986929681086,-3.81890429490203
"221765_at",0.68939,7.1647,2.89942962956948,0.0171426261413046,0.999986929681086,-3.81943373594789
"220093_at",-0.8494675,6.88664375,-2.89819160569018,0.0171776736645231,0.999986929681086,-3.81993408112368
"203824_at",1.452825,6.03659,2.89761941627037,0.0171938966014936,0.999986929681086,-3.82016537928172
"205968_at",-0.79145,6.5791075,-2.89737898489954,0.0172007180669698,0.999986929681086,-3.8202625789116
"220334_at",-0.741985,6.37694,-2.89194250137933,0.0173556997075543,0.999986929681086,-3.82246184874784
"210299_s_at",0.946352500000001,9.82425125,2.89139903060799,0.0173712708912013,0.999986929681086,-3.82268185673906
"39549_at",0.737537500000001,6.76626375,2.88941924552234,0.0174281150035839,0.999986929681086,-3.82348354858263
"237094_at",1.37077,6.554805,2.88446581669667,0.0175711713809625,0.999986929681086,-3.82549099598296
"205798_at",0.863355000000002,8.8550175,2.8727767944154,0.017913516588226,0.999986929681086,-3.83023724422913
"229963_at",-0.660525000000001,5.2577525,-2.87215140935449,0.0179320230852527,0.999986929681086,-3.83049153719656
"215894_at",-1.38204,4.80749,-2.86800916778587,0.0180550936259052,0.999986929681086,-3.83217676809781
"229097_at",0.862462500000001,8.57021625,2.85830267928415,0.018346864374578,0.999986929681086,-3.83613200757301
"203888_at",-0.812069999999999,8.4856725,-2.85784565059606,0.018360720097204,0.999986929681086,-3.83631845494646
"202435_s_at",0.582075,11.8165875,2.85502139195721,0.0184465796340072,0.999986929681086,-3.83747105585603
"205925_s_at",0.7292425,8.27133875,2.85346686967275,0.0184940124958118,0.999986929681086,-3.83810578283001
"230144_at",-0.663337500000001,4.69539875,-2.84646473008676,0.0187092109199239,0.999986929681086,-3.84096759323055
"205943_at",-1.4528525,4.61028875,-2.84493442663449,0.0187565803302276,0.999986929681086,-3.84159363815025
"231841_s_at",1.2682075,6.93979125,2.83910785939416,0.0189380566161627,0.999986929681086,-3.84397925032993
"222670_s_at",-0.942057499999999,8.70840125,-2.83458500527823,0.0190801572281044,0.999986929681086,-3.84583322347068
"223272_s_at",-0.546942500000004,10.24952875,-2.83319535709147,0.0191240350239022,0.999986929681086,-3.84640323379528
"213668_s_at",-0.657870000000003,8.073055,-2.82228854048997,0.0194719958628496,0.999986929681086,-3.85088315639894
"214755_at",-0.620582500000003,8.63437375,-2.81987346186656,0.0195499102792308,0.999986929681086,-3.85187660528341
"238546_at",0.5540875,7.05479125,2.81941101432525,0.0195648656905487,0.999986929681086,-3.85206689481723
"217511_at",0.631162500000003,8.24691375,2.81353856176073,0.0197557928603523,0.999986929681086,-3.85448500191803
"213462_at",0.578049999999996,8.2280525,2.81197170310598,0.0198070541597959,0.999986929681086,-3.85513071799405
"1556037_s_at",1.6943375,7.06125125,2.8105422400363,0.0198539382416704,0.999986929681086,-3.85572000614348
"210135_s_at",0.7203575,7.89538125,2.80713349946486,0.0199661946695564,0.999986929681086,-3.85712598648774
"202436_s_at",0.611975000000001,11.8959375,2.80592883023922,0.0200060206798131,0.999986929681086,-3.85762311948565
"1556794_at",-0.7691075,4.27070375,-2.80578965651596,0.0200106269154975,0.999986929681086,-3.85768056099962
"233907_s_at",0.7239475,4.91860625,2.80520290368182,0.020030058526486,0.999986929681086,-3.8579227521707
"232254_at",-0.6710025,6.12590375,-2.80423007547775,0.0200623180862467,0.999986929681086,-3.85832437029903
"230661_at",0.674409999999999,4.638145,2.80199988887176,0.0201364715608021,0.999986929681086,-3.85924539289439
"227240_at",0.7872475,7.94126375,2.8002340734596,0.0201953820156134,0.999986929681086,-3.85997495737759
"1559067_a_at",0.510087500000003,4.31865375,2.79604427824138,0.0203358611210827,0.999986929681086,-3.86170713626823
"219308_s_at",0.553564999999999,8.784585,2.79466199202235,0.0203824247995056,0.999986929681086,-3.8622789582461
"225046_at",-1.460465,7.3299125,-2.79461533406607,0.0203839984046791,0.999986929681086,-3.86229826262833
"214091_s_at",-0.768765000000004,10.0317925,-2.79459163824102,0.0203847976268837,0.999986929681086,-3.86230806667443
"320_at",0.520555000000002,7.257315,2.79288086492081,0.0204425833465868,0.999986929681086,-3.86301602491841
"206025_s_at",-1.233705,9.5765075,-2.79148534393817,0.02048984365657,0.999986929681086,-3.86359371868083
"206176_at",1.13455,7.48304,2.79054269371845,0.0205218298750705,0.999986929681086,-3.86398403954268
"229459_at",1.3984925,6.87588375,2.78914150240365,0.020569469028753,0.999986929681086,-3.86456437442309
"228707_at",-1.103995,5.7959775,-2.78700201918713,0.0206424258607474,0.999986929681086,-3.86545082835505
"212325_at",0.871075000000001,9.15109,2.78583202652852,0.0206824337915262,0.999986929681086,-3.86593576548472
"237426_at",-0.573067500000001,5.07286375,-2.77878299679207,0.0209251448675865,0.999986929681086,-3.86886002314874
"201163_s_at",0.503949999999996,12.986875,2.77592989289657,0.0210242014697958,0.999986929681086,-3.87004487785189
"209351_at",2.4962625,7.35495375,2.77410747096256,0.0210877225355679,0.999986929681086,-3.87080208300946
"229566_at",0.564775000000001,8.6411675,2.77389273615919,0.0210952199788829,0.999986929681086,-3.87089132341731
"218839_at",-0.539327500000001,6.50369375,-2.76527101626599,0.0213984882145738,0.999986929681086,-3.87447774836894
"224185_at",-0.564824999999999,5.9334475,-2.76446398609996,0.0214271005214759,0.999986929681086,-3.8748137895421
"228977_at",0.6270975,6.65302375,2.75706386864677,0.0216912762093198,0.999986929681086,-3.87789781724264
"201540_at",0.692125000000001,12.8809375,2.75635988405198,0.0217165788109572,0.999986929681086,-3.87819145644274
"223777_at",0.509962499999999,6.45381875,2.75295941358787,0.0218392198282085,0.999986929681086,-3.87961043991798
"208962_s_at",-0.624422499999998,9.60953625,-2.74983371983587,0.0219525690640421,0.999986929681086,-3.88091565537156
"220786_s_at",0.843827500000003,5.48619125,2.74744198205122,0.0220397042699968,0.999986929681086,-3.88191496530594
"203936_s_at",-0.570865,6.5517225,-2.74478748051439,0.0221368222406422,0.999986929681086,-3.8830246473084
"228058_at",0.848860000000001,6.2686025,2.73870978222037,0.0223608153732361,0.999986929681086,-3.88556766645718
"201753_s_at",0.513299999999999,11.6241,2.73729433524911,0.0224133098507879,0.999986929681086,-3.88616037608474
"212070_at",-0.752995000000002,9.620475,-2.73613455601763,0.0224564152972509,0.999986929681086,-3.88664615600106
"219230_at",-0.982487500000001,6.67934875,-2.72738662683583,0.0227842611451444,0.999986929681086,-3.89031402512383
"206026_s_at",-1.2435325,9.19279625,-2.72460572805162,0.0228894909774575,0.999986929681086,-3.89148139589151
"215034_s_at",1.4792575,7.81081875,2.72370613312316,0.0229236368827523,0.999986929681086,-3.89185917199628
"209386_at",1.40994,9.0404125,2.72144848147366,0.0230095573674931,0.999986929681086,-3.89280755714396
"218330_s_at",-0.726790000000003,9.772355,-2.71915996727429,0.023096984495788,0.999986929681086,-3.89376935356575
"228155_at",-1.38818,7.6083875,-2.71881005826897,0.0231103814670705,0.999986929681086,-3.89391644980628
"229655_at",1.16029,7.769985,2.70089356441852,0.0238069428867646,0.999986929681086,-3.90146223165321
"209594_x_at",-1.1503075,9.52030875,-2.6989309703508,0.0238845217602185,0.999986929681086,-3.90229046320719
"213316_at",1.18006,6.5723,2.69534583422596,0.0240268968686504,0.999986929681086,-3.90380426186222
"219143_s_at",-0.525957500000001,8.12911875,-2.69152403215779,0.0241796135852698,0.999986929681086,-3.90541918452397
"204464_s_at",-0.871227500000001,8.09456125,-2.68878361982864,0.0242897210325099,0.999986929681086,-3.90657791656521
"221000_s_at",0.532432499999999,7.91471375,2.68729872972074,0.0243495937343753,0.999986929681086,-3.90720603790371
"223176_at",0.665229999999996,9.387495,2.68703944838403,0.0243600635463949,0.999986929681086,-3.90731573511014
"218706_s_at",0.557287500000003,10.42580625,2.67964293814056,0.024660654683758,0.999986929681086,-3.91044743274197
"220471_s_at",0.561375,6.1742075,2.67615992175133,0.0248034950884659,0.999986929681086,-3.91192372997445
"229070_at",-0.77093,8.2966,-2.67537731642693,0.0248357047059855,0.999986929681086,-3.91225558077044
"227889_at",0.609010000000002,8.1577325,2.67331299231222,0.0249208682558584,0.999986929681086,-3.91313116722902
"230903_s_at",-0.538272500000001,6.07680625,-2.67166349527923,0.0249891295746155,0.999986929681086,-3.91383105823736
"209678_s_at",0.664689999999998,9.311755,2.67071918277621,0.0250282929148515,0.999986929681086,-3.9142318369161
"221614_s_at",-1.1377525,6.76733875,-2.67028778591455,0.0250462047451511,0.999986929681086,-3.91441495200536
"223749_at",0.575455000000001,6.1154325,2.66836823732006,0.025126062119287,0.999986929681086,-3.91522992976862
"218002_s_at",-0.632444999999999,5.919865,-2.66575114605047,0.025235352106798,0.999986929681086,-3.91634155195602
"202679_at",-0.524285000000003,10.4514325,-2.66310667983033,0.025346271548646,0.999986929681086,-3.91746537559645
"205207_at",1.22754,10.14548,2.65419177503837,0.0257238273217769,0.999986929681086,-3.92125819303481
"1559139_at",-0.5236425,4.85309875,-2.64779458197031,0.0259982386132706,0.999986929681086,-3.92398386370959
"203837_at",0.615897499999999,6.67721875,2.64589611761511,0.0260802395983201,0.999986929681086,-3.92479338897845
"211958_at",0.660547499999998,8.45567375,2.64156615799725,0.0262682395102248,0.999986929681086,-3.92664082346927
"231842_at",0.958450000000001,6.8759525,2.63398203009172,0.0266008198339902,0.999986929681086,-3.92988034308965
"213238_at",0.579985000000004,9.070975,2.63246336616982,0.0266679234532326,0.999986929681086,-3.93052958876646
"222802_at",0.784957499999999,7.85977875,2.63206193070879,0.0266856896737599,0.999986929681086,-3.93070123782686
"214725_at",0.514097500000001,2.92074875,2.6295932579628,0.0267952068277771,0.999986929681086,-3.93175709724225
"241036_at",-0.509457499999998,5.42013875,-2.62410420903968,0.0270403372917156,0.999986929681086,-3.9341065287819
"238577_s_at",-0.8592025,5.31632375,-2.62371475547052,0.0270578148920396,0.999986929681086,-3.93427331468727
"236599_at",0.5449625,7.76478625,2.62345515120701,0.0270694715163617,0.999986929681086,-3.93438449853479
"227419_x_at",0.641649999999998,10.71995,2.61933319981579,0.0272552306018977,0.999986929681086,-3.9361505748049
"232596_at",0.690787499999997,6.49577875,2.61816091950808,0.0273082937833564,0.999986929681086,-3.93665309224153
"1554485_s_at",-0.588082499999999,4.72037125,-2.61679477254256,0.0273702632167185,0.999986929681086,-3.93723885130164
"220030_at",0.594387499999998,4.54577875,2.61140148167981,0.0276162887243016,0.999986929681086,-3.93955275934622
"228904_at",-0.505627499999996,9.14745625,-2.60913068262167,0.0277205385524255,0.999986929681086,-3.94052769692874
"214577_at",0.55805,9.6135075,2.60789443271881,0.0277774593216408,0.999986929681086,-3.94105863502434
"215388_s_at",0.801447500000002,8.88240625,2.60761371021568,0.0277904009847514,0.999986929681086,-3.94117921497645
"209442_x_at",0.528857499999999,6.61612125,2.60485218138033,0.0279180338814366,0.999986929681086,-3.94236571604404
"222484_s_at",-0.758467499999999,6.01810625,-2.60346063392809,0.0279825713645384,0.999986929681086,-3.94296382599365
"214136_at",-0.796325,5.312685,-2.60249180215055,0.0280275923988607,0.999986929681086,-3.94338033526643
"220076_at",0.517277500000001,5.12498625,2.60172757807215,0.0280631566896267,0.999986929681086,-3.94370893365995
"244631_at",-0.7270675,6.18410875,-2.60114360935508,0.0280903630374918,0.999986929681086,-3.94396005723288
"223122_s_at",-2.1131875,9.11033125,-2.60039557959964,0.0281252514265466,0.999986929681086,-3.94428177072396
"238861_at",-0.5349475,4.63069875,-2.5993872966209,0.0281723469016173,0.999986929681086,-3.94471548328534
"205535_s_at",0.529365000000001,6.7636225,2.59796981942277,0.028238689033257,0.999986929681086,-3.9453253445675
"206385_s_at",1.0157725,5.50417125,2.58960168367225,0.0286335468238886,0.999986929681086,-3.94892886591555
"1554500_a_at",0.618872499999998,5.59127125,2.5889445915181,0.0286647856457235,0.999986929681086,-3.94921205519588
"229890_at",0.612509999999999,6.999695,2.58197189749067,0.0289983858526603,0.999986929681086,-3.95221914981815
"205792_at",-1.50299,9.19583,-2.58005305113759,0.0290908713289821,0.999986929681086,-3.95304734036614
"211959_at",0.557024999999998,12.3018625,2.58003466615855,0.029091758884462,0.999986929681086,-3.95305527684405
"228407_at",1.58755,12.454575,2.57838770508086,0.0291713779143268,0.999986929681086,-3.9537663463539
"204931_at",0.786175000000001,5.492305,2.57078636684389,0.0295416862607654,0.999986929681086,-3.95705087612728
"1559433_at",-0.7412575,5.17401875,-2.56743837373637,0.0297062770599023,0.999986929681086,-3.95849893153893
"235498_at",-0.6023325,3.98784125,-2.5644884133517,0.029852060539444,0.999986929681086,-3.95977553387652
"210613_s_at",0.545329999999998,8.143165,2.56442698289543,0.0298551039552626,0.999986929681086,-3.95980212502496
"204994_at",-0.503925000000001,6.891925,-2.56374299489954,0.0298890113810362,0.999986929681086,-3.96009821928424
"203706_s_at",0.8031925,10.01690375,2.55916190623439,0.0301171055516689,0.999986929681086,-3.9620822511746
"237466_s_at",1.57893,7.326075,2.5591249960994,0.0301189503747642,0.999986929681086,-3.96209824304443
"241954_at",-0.509585000000001,5.34044,-2.55766323250102,0.0301921024240542,0.999986929681086,-3.96273165605472
"213348_at",-0.6327775,7.15190875,-2.55762798272293,0.0301938686455778,0.999986929681086,-3.96274693250141
"218093_s_at",-0.6599825,8.25782125,-2.55517855654147,0.0303168527156826,0.999986929681086,-3.96380868508366
"227145_at",1.39064,9.5901225,2.5545840874031,0.0303467760795894,0.999986929681086,-3.96406643710233
"226018_at",-0.55438,8.5388625,-2.55001634314283,0.0305776866438947,0.999986929681086,-3.96604781328844
"244521_at",-0.993357499999998,4.83662375,-2.54939894530944,0.0306090320585485,0.999986929681086,-3.9663157443278
"1560826_at",0.552630000000001,6.4562475,2.54924298955712,0.0306169550440403,0.999986929681086,-3.96638342863919
"230290_at",1.541925,10.2429375,2.54716120808266,0.0307229118353004,0.999986929681086,-3.9672870878386
"219033_at",0.699710000000001,6.76242,2.53805686559381,0.0311906190676529,0.999986929681086,-3.97124285467983
"209286_at",0.550067500000001,10.21526625,2.53181432958947,0.0315154132784977,0.999986929681086,-3.97395869947323
"227408_s_at",0.581035,10.2731825,2.53115548550089,0.031549888819586,0.999986929681086,-3.97424549835129
"229461_x_at",0.608294999999998,9.38583,2.52928561737618,0.0316479391842266,0.999986929681086,-3.97505963511584
"220227_at",0.626097499999999,7.26625625,2.52777578808606,0.0317273320850727,0.999986929681086,-3.97571719670477
"230418_s_at",0.658325,5.5143325,2.525935599015,0.0318243654628376,0.999986929681086,-3.97651885980065
"218899_s_at",-0.9106425,6.67136875,-2.52151829822643,0.0320585005704136,0.999986929681086,-3.97844421739425
"242577_at",-0.727197500000001,4.44058625,-2.52136750970242,0.0320665232458814,0.999986929681086,-3.97850996599054
"202016_at",1.32037,10.883415,2.52128633207328,0.0320708431159515,0.999986929681086,-3.97854536269727
"227609_at",-0.795014999999998,7.2944,-2.51157496068863,0.0325918445850488,0.999986929681086,-3.9827833135925
"44783_s_at",-0.740387499999998,6.97937875,-2.51081036600848,0.0326332206357187,0.999986929681086,-3.98311726092963
"213170_at",1.0827175,8.97606125,2.50864140418428,0.0327508792073252,0.999986929681086,-3.98406481070478
"1553141_at",0.6179,5.598585,2.5073173439836,0.032822912582446,0.999986929681086,-3.98464341379421
"207733_x_at",-0.813385000000001,7.4998975,-2.50340158039923,0.0330368686919342,0.999986929681086,-3.98635529338079
"204580_at",-0.915520000000002,5.9761275,-2.50104723250985,0.0331661778929018,0.999986929681086,-3.98738507815863
"214505_s_at",0.796712499999998,8.57168875,2.49768191817028,0.0333518888959001,0.999986929681086,-3.98885773118018
"209909_s_at",0.543060000000001,4.3197425,2.49692984639047,0.033393532503116,0.999986929681086,-3.98918694410701
"201688_s_at",-0.615485,4.35304,-2.49599669442115,0.0334452748505208,0.999986929681086,-3.98959547816823
"242629_at",0.845750000000001,6.6228475,2.4930442084094,0.0336095137595071,0.999986929681086,-3.99088847628884
"210004_at",1.1671675,5.61534875,2.49254577195456,0.0336373195688996,0.999986929681086,-3.9911068190169
"209099_x_at",0.662242499999998,10.07037125,2.49117265172716,0.0337140390562646,0.999986929681086,-3.99170841071165
"243324_x_at",1.01514,4.7044875,2.49059236610595,0.0337465133322494,0.999986929681086,-3.99196268482223
"223796_at",0.754432499999999,3.28708125,2.48965896309893,0.0337988143035807,0.999986929681086,-3.99237173956252
"204400_at",0.626450000000002,8.3492375,2.48594045793427,0.0340079738556522,0.999986929681086,-3.99400193521103
"222717_at",0.583822499999998,7.53667125,2.48490971641177,0.0340661789797445,0.999986929681086,-3.99445398169319
"214587_at",0.511612500000001,4.20335125,2.47871741441309,0.0344179453848367,0.999986929681086,-3.99717123754537
"201539_s_at",0.78489,7.55675,2.47559445687636,0.0345967195784821,0.999986929681086,-3.9985426210829
"238568_s_at",-0.571587500000001,6.14062625,-2.47551341164889,0.0346013712978765,0.999986929681086,-3.99857821927611
"204545_at",0.687735000000003,7.448025,2.47468200857935,0.034649126925609,0.999986929681086,-3.99894342933733
"231227_at",0.546435000000002,6.811025,2.47186229420141,0.0348115793142286,0.999986929681086,-4.00018239265195
"226682_at",-0.561737500000002,7.27582375,-2.47097374951888,0.0348629278298469,0.999986929681086,-4.00057292449029
"225548_at",0.726182500000002,7.82788375,2.4678396122586,0.0350446497839753,0.999986929681086,-4.00195086059862
"213988_s_at",-0.601325000000001,11.0048625,-2.46661369299288,0.0351159862739787,0.999986929681086,-4.00249002060892
"231798_at",0.6465175,6.96355875,2.46175778850883,0.0353999728473932,0.999986929681086,-4.00462663871337
"205767_at",1.01691,3.53928,2.46147095124129,0.0354168190641045,0.999986929681086,-4.00475289752961
"212327_at",1.0208475,9.46604375,2.46115850198547,0.0354351785585847,0.999986929681086,-4.0048904363559
"203395_s_at",-0.5995925,7.14334625,-2.45951956306711,0.0355316374479938,0.999986929681086,-4.00561199661473
"235337_at",0.82136,4.3884575,2.45814299898891,0.0356128558838739,0.999986929681086,-4.00621818139336
"233675_s_at",-1.0216075,4.13744125,-2.45806170738008,0.0356176579185252,0.999986929681086,-4.00625398295586
"205352_at",0.717150000000001,7.692285,2.45762149033513,0.0356436734658783,0.999986929681086,-4.00644786614381
"205984_at",1.5931075,5.17649375,2.45733075061792,0.0356608656840836,0.999986929681086,-4.00657592261462
"212328_at",0.952110000000005,9.0312075,2.45238779822725,0.0359544188821867,0.999986929681086,-4.00875390313066
"225706_at",0.529070000000001,6.1777525,2.44514634304653,0.0363888124288683,0.999986929681086,-4.01194755458725
"229283_at",-0.530075000000002,6.3410125,-2.43735953123618,0.036861731553883,0.999986929681086,-4.01538552640182
"206382_s_at",1.0082975,8.83179375,2.43680089201895,0.0368958929770085,0.999986929681086,-4.0156323228388
"203705_s_at",0.797844999999997,9.5059675,2.42975310237196,0.0373295785842229,0.999986929681086,-4.01874762229764
"206645_s_at",-0.773774999999998,6.915875,-2.42540892247499,0.0375994104863188,0.999986929681086,-4.0206694339169
"219620_x_at",0.609819999999998,7.0664225,2.42507772561557,0.0376200613623591,0.999986929681086,-4.02081600032158
"240770_at",0.533512499999999,7.19815625,2.42346486973313,0.0377207872860693,0.999986929681086,-4.02152984538033
"223570_at",0.506410000000002,6.09384,2.42128208492927,0.0378575318864222,0.999986929681086,-4.02249619998656
"205523_at",1.6624475,6.16684375,2.41468464864699,0.0382738317208796,0.999986929681086,-4.02541880643596
"226925_at",-0.574262499999999,7.71533875,-2.41385020728165,0.0383268069956207,0.999986929681086,-4.02578864978993
"200965_s_at",0.512617499999998,8.30636875,2.40479101414952,0.0389066291128733,0.999986929681086,-4.02980665676229
"225407_at",0.582452499999999,8.15687875,2.40410149332734,0.0389511147485254,0.999986929681086,-4.03011268496978
"201752_s_at",0.507075,11.3985125,2.40383400846541,0.0389683855402493,0.999986929681086,-4.0302314098848
"235299_at",-0.5022525,7.40023875,-2.39086231704823,0.0398150827778857,0.999986929681086,-4.0359941825029
"235527_at",0.654375,3.1316475,2.38556016686913,0.0401663797703364,0.999986929681086,-4.03835260742629
"209738_x_at",-0.974072499999998,9.04800625,-2.38456790043831,0.0402324622146401,0.999986929681086,-4.03879415802851
"1552365_at",1.32236,5.790375,2.38445161285048,0.0402402137003898,0.999986929681086,-4.0388459088796
"213067_at",0.551630000000001,7.9921625,2.38400241860357,0.0402701698971908,0.999986929681086,-4.03904581891826
"223121_s_at",-1.46258,8.0243425,-2.38367822730392,0.0402918034864856,0.999986929681086,-4.03919010486403
"205098_at",-0.708612499999999,5.81131375,-2.38213105015363,0.0403952062434861,0.999986929681086,-4.03987878331796
"1559506_x_at",0.639552500000001,4.84180875,2.38166829575738,0.040426184461161,0.999986929681086,-4.04008479159942
"205501_at",0.527482500000001,4.50495625,2.38035731022382,0.0405140733122434,0.999986929681086,-4.04066848235431
"225525_at",0.660244999999999,8.208555,2.37984748460298,0.0405483030902869,0.999986929681086,-4.04089549948606
"205475_at",1.3934225,9.61801625,2.37776433082641,0.0406884632732127,0.999986929681086,-4.04182325225859
"201616_s_at",0.619685,10.7002575,2.37696341737897,0.0407424780610228,0.999986929681086,-4.04218001426006
"1558345_a_at",-0.62251,6.8324425,-2.37551258721091,0.040840504463822,0.999986929681086,-4.04282637279369
"209387_s_at",1.3062925,7.56284625,2.37514148260581,0.0408656157775417,0.999986929681086,-4.04299172304909
"228461_at",0.623502499999998,7.21869375,2.37306683253498,0.0410062808110816,0.999986929681086,-4.04391625622318
"220399_at",-0.6868575,4.83484625,-2.37204484234713,0.0410757491231828,0.999986929681086,-4.04437178066195
"230774_at",-0.858832500000001,4.02831125,-2.37175002342212,0.0410958105844596,0.999986929681086,-4.04450319942043
"239791_at",-0.673467500000001,6.92247875,-2.37055983895354,0.0411768970579851,0.999986929681086,-4.04503378811318
"219514_at",-0.529035000000003,7.4625975,-2.37024058676172,0.0411986743291652,0.999986929681086,-4.04517612581357
"223710_at",-0.8330825,8.23358625,-2.36644227275481,0.0414586433775676,0.999986929681086,-4.04687004246823
"208106_x_at",-0.860735,8.2353025,-2.36350250389043,0.0416609607274915,0.999986929681086,-4.04818164379796
"204863_s_at",0.678187500000003,8.62551125,2.36336169507747,0.0416706756989685,0.999986929681086,-4.04824447911685
"202437_s_at",0.513949999999999,11.83015,2.36264792668713,0.0417199558423919,0.999986929681086,-4.04856301246552
"1552721_a_at",0.716489999999999,6.62445,2.35843234555758,0.0420121826231805,0.999986929681086,-4.05044488747293
"219865_at",-0.555429999999998,8.1767375,-2.3553182386566,0.0422293490934091,0.999986929681086,-4.05183569665508
"202191_s_at",-0.521067500000002,7.75594375,-2.35429120241053,0.0423012131095829,0.999986929681086,-4.05229450631473
"229119_s_at",-0.557195,9.9942275,-2.3521971850994,0.0424481096054136,0.999986929681086,-4.05323015252677
"239058_at",1.0792125,8.55250375,2.34189234014182,0.0431783508728219,0.999986929681086,-4.05783808274161
"205100_at",-0.513190000000002,9.227065,-2.33948856855131,0.0433504621718439,0.999986929681086,-4.05891379316153
"244559_at",-0.503112499999999,6.61698875,-2.33379054398867,0.0437611446252161,0.999986929681086,-4.06146496082956
"238902_at",-0.668702499999998,5.48757375,-2.3280656978196,0.0441776131032784,0.999986929681086,-4.06402988835696
"208116_s_at",-0.527124999999999,6.7334325,-2.3163761700665,0.0450401320095193,0.999986929681086,-4.06927256039986
"207327_at",0.5675,4.53246,2.31504669342715,0.0451392697946669,0.999986929681086,-4.06986927124692
"203260_at",0.5064625,7.24748875,2.3124658304009,0.0453323343260947,0.999986929681086,-4.07102790284535
"230925_at",-0.516524999999998,10.9971125,-2.31215346236312,0.0453557563175237,0.999986929681086,-4.07116815794843
"230204_at",1.666685,6.9894875,2.31001555837857,0.0455163799002662,0.999986929681086,-4.07212822316888
"1554479_a_at",-0.603380000000001,7.1857725,-2.30714049250318,0.0457332679847937,0.999986929681086,-4.07341969074252
"1568598_at",0.633385000000001,7.7264425,2.29898323234832,0.0463541668366055,0.999986929681086,-4.07708616155409
"216333_x_at",0.535414999999997,10.3617675,2.28566411290787,0.0473857746206486,0.999986929681086,-4.08307980909425
"206622_at",1.100035,7.9849375,2.27863630192654,0.0479391308361945,0.999986929681086,-4.08624579511087
"209596_at",-0.730287500000003,8.72239125,-2.27391369664241,0.0483145280229682,0.999986929681086,-4.08837461023017
"204249_s_at",0.857757500000001,7.13585625,2.27215304486016,0.0484552160475851,0.999986929681086,-4.08916852799063
"218380_at",0.820965000000001,8.5367625,2.26707638132453,0.0488631232908092,0.999986929681086,-4.09145851245678
"209255_at",0.827504999999999,7.803605,2.26690809850559,0.048876702072829,0.999986929681086,-4.09153444183778
"230149_at",-0.7076275,4.43823875,-2.26688469309929,0.0488785909530756,0.999986929681086,-4.0915450024837
"241881_at",0.661614999999999,5.353245,2.26604955387173,0.0489460357014449,0.999986929681086,-4.09192183819025
"227530_at",0.655537499999998,10.11032625,2.25964004099657,0.0494666968576906,0.999986929681086,-4.09481502390581
"1554906_a_at",-0.520627499999999,6.00151125,-2.25869205648133,0.0495441621485268,0.999986929681086,-4.09524309101987
"207148_x_at",0.71186,6.670865,2.25845755263374,0.0495633430930377,0.999986929681086,-4.09534898859557
