"baseMean","log2FoldChange","lfcSE","stat","pvalue","padj"
63.3113349066847,-0.947756971646632,0.345984047508751,-2.73930829606431,0.00615686091021636,0.426946048811772
932.041476603999,-0.598327520285155,0.236629947133247,-2.52853676186741,0.0114539090697856,0.528368825389208
1.29590699901226,2.74892678970235,0.988613537930012,2.78058784776318,0.00542605767600922,NA
180.200102599663,0.667755017873505,0.293148152084564,2.27787558313135,0.0227339914207662,0.684628399338311
9.49088630894883,-0.989210276782539,0.422804681190934,-2.33963889424352,0.0193023927979688,0.646164352163028
35.7928453740487,0.615845250834151,0.308495629031503,1.99628517514996,0.0459028907764732,0.775489937998032
15.7057199512697,-0.735487451926026,0.371659752895652,-1.97892681732618,0.0478242464200011,0.78104373923368
153.106244731818,-0.522046129413494,0.222427326035215,-2.34704134028407,0.0189231550849483,0.639505600050303
2.20857798694877,1.67024626372022,0.755004644427619,2.2122330982301,0.0269505630096496,0.714469070670152
24.2122657178949,-0.936136350045068,0.445318594863127,-2.10217215459597,0.0355381980774581,0.756072680434931
39.552378978756,-1.71920753050021,0.512707231852745,-3.35319539825407,0.000798842886652618,0.181978382031038
342.455473325055,-0.530460650487535,0.229648882212333,-2.30987691025237,0.0208949697270327,0.665896340938181
47.3069799311438,-1.13823907944656,0.441992661191286,-2.57524429563764,0.010016930880369,0.505279734299992
4176.89559268775,-0.563871459316943,0.271102982891691,-2.07991610163218,0.0375332288802478,0.766651604047534
32.4730334067713,-0.675061268706347,0.340583202511853,-1.98207446441183,0.0474709070598574,0.780436984363491
391.789219804687,-0.613540741196512,0.26550232335353,-2.31086769202977,0.0208401640904793,0.665298802417862
12.9099543889118,-2.42449820777566,0.882524095230222,-2.74723174231655,0.00601006517837018,0.4260593377723
145.869608693248,0.951694019772616,0.421422466733626,2.25828970901584,0.0239276034608065,0.693400924082707
29.0189731910042,-0.660100308156806,0.333578789365401,-1.97884376705299,0.0478335990844819,0.78104373923368
19.8320478516789,-1.21645873268758,0.440084922126468,-2.76414544449673,0.00570720937923322,0.4260593377723
2.6447073735676,-2.78395592448585,1.03470787645211,-2.69057188781794,0.00713296651749293,0.4566408281792
295.961298176181,-1.62568402536382,0.414285574462547,-3.92406621319803,8.70667883852823e-05,0.083293770149104
2.34467428030512,2.22651453152108,1.0152645719224,2.19303873403676,0.0283045884809167,0.733896996419705
116.280936164396,-1.01199759652909,0.436580380760333,-2.31800978955268,0.020448789024845,0.660240483635797
20.765863229671,-1.96306616099343,0.633180487750533,-3.100326366606,0.00193307514350913,0.286555259802122
12.2490387234009,-1.27973751594177,0.525043999968894,-2.43739099202655,0.0147936738232389,0.582031704448623
27.3608967179588,-0.783722891689558,0.393505167314544,-1.99164574391242,0.0464099405893233,0.775563304779895
52.1793305458896,-1.17364379645616,0.57071650613261,-2.05643920202907,0.0397402009046583,0.767474727224711
8.04114519767838,-1.36899311056974,0.573559882181502,-2.38683553905976,0.0169940916210272,0.617273579903926
610.320194580688,-0.634412646594387,0.293062212464483,-2.16477123153936,0.0304052089710494,0.736950820139587
175.300164269268,-0.630124958887238,0.286994425247846,-2.19559999586427,0.0281205865466542,0.731536193510697
154.802894095768,-0.717003889257199,0.275269999029595,-2.60472950842752,0.00919468170994885,0.497537439624564
4.04715745444859,1.24106300919027,0.576974710759095,2.15098337249039,0.0314775121193304,0.738021669156142
25.0835038931763,-0.818518234747912,0.409379968030729,-1.99940959174258,0.0455640549729303,0.775489937998032
7.9591934753686,1.11344040749108,0.418323033149792,2.66167607149755,0.00777526640967923,0.469223272071701
1280.50393743106,-1.01763725822201,0.478924830426472,-2.12483712175839,0.0336002061305553,0.750065088177289
629.982234641715,-0.715484162576403,0.312273662040343,-2.29120880032454,0.0219513402289504,0.682247601990896
15.1669944216129,-1.99676414121307,0.565096355335355,-3.53349322174994,0.000410106605723481,0.154434430383871
24.3421111993066,0.881558021364629,0.35852614598059,2.4588388636302,0.0139387163803687,0.567764226601686
211.103625227758,-0.721110106482438,0.262288783652859,-2.74929829800435,0.00597230073212931,0.4260593377723
5.29815554946279,1.49704479394873,0.6238121066828,2.39983286299052,0.0164025592604096,0.605320046946155
23.3438651104864,-1.19339733224575,0.444483173924689,-2.68491003092043,0.00725493326173989,0.458452152553508
7.27891721324692,-2.64836075452984,0.768817093178148,-3.44472147930791,0.000571648095704746,0.170129849386193
17.4647038702675,1.1018209275833,0.400711889465611,2.74965868632619,0.00596573689857677,0.4260593377723
98.4876710527215,-0.732802974037695,0.280179550729903,-2.61547629771213,0.00891031053064512,0.495220029853806
34.0143685794971,-1.09972462672271,0.381549164079827,-2.88226192127792,0.00394831382431698,0.369820409974795
131.790426264641,-1.25289025115661,0.331738833298458,-3.77673677422447,0.000158896504015484,0.0986816090997319
196.971646329603,-0.8055021670886,0.299784004747502,-2.68694177918882,0.00721095204502941,0.457238787405095
21.4091498813285,0.825854517058099,0.328992844067175,2.51025069982821,0.012064547595217,0.533569332588168
807.17793113641,-0.504061768080807,0.176935373445824,-2.84884677531792,0.004387800673026,0.380321500810182
3.70801682661548,-2.20687401733354,0.971237118054618,-2.27222989763189,0.0230726283781795,0.685512683974748
100.966055008257,-0.642669923448759,0.221716565588884,-2.89861031241311,0.00374820429866916,0.361486232249501
140.482916534035,0.581623147082052,0.171602395539184,3.38936496343517,0.000700547033248469,0.181978382031038
4.09890886648484,-2.39462533669889,0.934628117448313,-2.56211566075778,0.0104036665470626,0.511577287633089
278134.770663163,-1.00498674238375,0.297068391301309,-3.38301472594037,0.000716947878821389,0.181978382031038
9.59477807335049,0.815309889221163,0.374701084044626,2.17589412985008,0.0295631778498135,0.736950820139587
94.3196807168234,-0.751198409785696,0.263200581306856,-2.85409099803583,0.00431601666456836,0.379778776954199
25556.2843712929,-0.962502153522544,0.306027616471654,-3.14514802493877,0.0016600281337133,0.272153789467643
4.48647427138585,1.523833065732,0.583143097514332,2.61313744812789,0.00897152136593733,0.495916195082684
467.170258923142,0.974946425017193,0.362476549060354,2.68968138089082,0.0071520268449918,0.4566408281792
1084.41095754033,-0.517273154894195,0.257936865620988,-2.00542545032813,0.0449175831712061,0.775489937998032
15.0423677753638,-1.31949670817919,0.47089718861079,-2.80209085994309,0.00507725718581045,0.407328476489454
17.8220979784022,-1.15711687716759,0.477965207309071,-2.42092281921967,0.0154811638104649,0.593242228088935
217.850435735008,-0.637146593580672,0.312480690510267,-2.03899508971335,0.0414505176186133,0.772801196701678
270.508864634837,-1.03135156017369,0.481860603756975,-2.14035252546575,0.0323262881049465,0.746539008901717
2.40736347861758,-3.47916439473921,1.19320446049282,-2.91581578005686,0.00354759901590239,0.351937080867908
78.9958361298604,0.528215221768434,0.238416380139981,2.21551565147623,0.0267246912614577,0.714469070670152
88.2043173931019,-0.635965404353563,0.318027337933349,-1.99971929610292,0.0455305833553686,0.775489937998032
2150.49664869577,-0.764795616035484,0.25987596612228,-2.94292553269671,0.00325126614697661,0.344363986961699
28.165293909127,-2.60569556758216,0.535738002140482,-4.86374973806485,1.15182533300417e-06,0.00644354712208888
3.83743736104541,-3.02641339824327,1.32099357267609,-2.29101296239642,0.0219626639704418,0.682247601990896
19.2290262604473,-1.24126423134397,0.466274430740806,-2.66208942525945,0.00776572441451515,0.469223272071701
35.6638344518207,-2.11508434100858,0.561604819343416,-3.76614350190472,0.000165788526018409,0.0986816090997319
27.4468986862136,-2.40478874114668,0.576235774433494,-4.1732722053067,3.0025585167423e-05,0.0539410231896743
29.8693763763991,-2.59557423717016,0.691103969191625,-3.75569285212783,0.000172862589966143,0.0996768909392273
201.751490602631,-0.555484608462772,0.234566312196373,-2.36813463647642,0.0178780286593421,0.623351364291691
97.4520941526341,-1.84250741253166,0.435339084208008,-4.23235009069687,2.31262054288303e-05,0.0533405928215971
19.0318807607137,-1.05733301541143,0.410224677570086,-2.57744858664868,0.00995326871120095,0.505279734299992
226.331617292288,0.60679985038061,0.276419373679236,2.19521462010385,0.0281482060152067,0.731536193510697
7.98776452222329,1.36249173261677,0.514633495494137,2.64749913199596,0.00810895679132472,0.470523492809823
10.5931327974398,-1.30035338816211,0.643181540588473,-2.02175172342845,0.0432020074377169,0.772801196701678
14.0313011284523,1.10745271887758,0.554645903181782,1.99668421334146,0.0458594981195992,0.775489937998032
577.429509894253,-0.55641068146997,0.233318255438464,-2.38477130914738,0.0170897413634741,0.618313544389851
1.77211617979085,-3.83597931853342,1.73643570908468,-2.20911105344377,0.0271669174864693,NA
30.5994237898483,-0.828431869212208,0.305159589854758,-2.7147495826905,0.00663259019800999,0.438498516846261
64.0297090616866,-0.674786361043009,0.320160489918489,-2.10765032629356,0.0350612469800322,0.752267592180877
18.4276229967284,-1.51596679020847,0.602983741868547,-2.51410889705043,0.0119333579979686,0.533569332588168
3.92661258568923,-2.54778340257406,0.758442354720813,-3.35923143890337,0.000781595795026691,0.181978382031038
21.2323459319794,-2.29899741464643,0.669895948292037,-3.4318723982552,0.00059942952385769,0.170164208834186
2.56471161070323,-1.79436249646675,0.886903072894967,-2.02317767443258,0.0430548325751079,0.772801196701678
30.8173296542064,-0.725044927244392,0.301265680572053,-2.40666286935722,0.0160990237334179,0.601334384471714
29.3579160757196,0.532511998310629,0.25983916664216,2.04939080274986,0.0404239158711824,0.769050108819485
110.942067195681,-2.05710908963747,0.427166749239255,-4.81570509245158,1.46681020140157e-06,0.00644354712208888
52.7635491690731,-1.00468400530141,0.360788108594625,-2.78469268073979,0.00535784773651541,0.415390783336901
16.2607395995396,-3.20198070658641,0.798226342515281,-4.01136937738322,6.03675742421417e-05,0.0618834711064443
18.0110836351096,-1.9853902731948,0.656726212956073,-3.02316282497407,0.002501476114454,0.313794518095963
10.5735085884741,-2.47997462179936,0.904247681849246,-2.74258333372517,0.00609579802579054,0.4260593377723
11.9319705391097,-1.09538432740219,0.519151783045819,-2.10995004384973,0.0348626590669025,0.751142366425788
361.810039583697,-0.614335790747894,0.193411579723871,-3.17631339149893,0.00149159718892734,0.259650484246107
15.1220682411142,-0.964391189195103,0.461507490721776,-2.08965446625111,0.0366488500524246,0.762092160346085
5.95699764430063,-1.86916634962901,0.718209830681703,-2.60253517813152,0.00925373210849441,0.498658834573556
32.3102622638218,-1.02598734364503,0.433603018764587,-2.36619049970697,0.0179721941146315,0.623351364291691
127.239362200464,-0.769528914893481,0.289307860343252,-2.65989632628877,0.00781647073949931,0.469223272071701
32.6439114020517,-0.841835183634299,0.404054425837904,-2.08346977486647,0.0372084239725076,0.766319794240333
5.83702907610334,-1.87645344596516,0.76889299184802,-2.440461112092,0.0146685251525446,0.580823232005906
5.35044424148262,-1.78440529618296,0.74081917868489,-2.40869209049184,0.0160097987246545,0.599437944995727
11.5302089611947,-1.39187501343533,0.536623146752432,-2.59376626196385,0.00949310007638801,0.504803119912137
2.12850912476816,-2.92630373850932,1.1633594077295,-2.51539096092454,0.0118900450391831,0.533569332588168
12.0173051057561,-1.81217123661515,0.595785345691857,-3.04165124187599,0.00235284331058658,0.305737075823546
10.0685379590548,-1.66097297775937,0.503424888240222,-3.29934617171092,0.000969103245025385,0.200920146934926
1.28796341130868,-3.02601704446875,1.45456123018516,-2.08036415495796,0.0374921444405119,NA
26.5321476640898,-1.3434207770847,0.547088467480986,-2.45558233619938,0.0140656527086534,0.569540698439924
13.2258268551041,-1.49221035773763,0.515576490204172,-2.89425601455704,0.00380058145764162,0.361486232249501
7.67636848627683,-1.7611131205496,0.836263666247532,-2.10593045187774,0.0352103940330817,0.753714838397242
20.8708203484814,-1.16046143040415,0.514318872744556,-2.25630730642177,0.0240513921337067,0.693400924082707
182.926712757072,-0.929472912212696,0.299443423382238,-3.10400175670657,0.00190922197347005,0.286555259802122
525.719780176303,-0.574717076892638,0.192559505342586,-2.98462065463945,0.00283930200071761,0.325408698864853
27.4291279941241,-1.23939092634636,0.54795227055642,-2.26185927669907,0.0237060991077388,0.692128070784804
2.37337678626552,-4.84004155167449,1.44917109772763,-3.33986894940419,0.000838179325927819,0.188610791731953
48.2799141483869,-0.799057093979503,0.33633161365184,-2.37580132686148,0.0175108883004422,0.620859242552487
142.990324385424,-1.03290694836233,0.398960437179399,-2.58899593068639,0.00962562319427811,0.505279734299992
4.93079464462571,1.6436064672128,0.621744650786515,2.64353937767476,0.00820442218050441,0.474570526879835
4.1121917498479,-2.74458316420081,0.934715314003312,-2.93627709216187,0.00332177458441134,0.344363986961699
46.046798303918,-0.825918369412012,0.394752992253029,-2.09224093450979,0.036416968414093,0.759283504154626
32.7786480659446,-2.72728432642729,0.65830891998388,-4.14286400143883,3.42995360801135e-05,0.0539410231896743
28.3306371291585,-0.70246178601404,0.260666366825354,-2.69486928662602,0.00704162489534368,0.4559019739259
54.419686876397,-1.06872201638948,0.43996529002488,-2.42910529675886,0.0151361356860908,0.588747525599451
3.7581892322627,-1.95162520587064,0.849696505472608,-2.29684974964694,0.0216273424076111,0.678686602219796
26.1193803322357,-0.730999345937091,0.293102793582461,-2.49400333924635,0.0126311356164403,0.544555407463919
48.6319625695386,-0.876522223837909,0.40426902293304,-2.16816568699376,0.0301460824971013,0.736950820139587
1.24013480322669,2.88642897425534,0.994699280338118,2.90181065907093,0.003710127094289,NA
31.9436177726726,-1.07761115871484,0.392430167600045,-2.74599469583367,0.0060327738968737,0.4260593377723
41.5830071069705,-1.03262905575106,0.386093951832551,-2.67455382517597,0.00748287632454456,0.463335684364081
1.70747965383713,2.7759140212441,1.17314694370582,2.36621169763724,0.0179711650416529,NA
12.4004361029669,1.25176336150004,0.512491375280877,2.44250619986335,0.0145856790849828,0.578784839733555
15.1633367987586,-1.5961631415499,0.628978131178486,-2.53770848687417,0.0111580884727301,0.52657045651871
2.55997605100867,-1.8101309669838,0.895951200343173,-2.0203454901232,0.0433475633311423,0.772801196701678
1.67430935354606,3.52828539347815,1.23055361330244,2.86723419064146,0.00414076476912422,NA
1.90908221584912,-4.37983057701381,1.4724902045486,-2.97443783563671,0.00293525923227641,0.328714255585464
9.09125272782071,-2.03855433835822,0.947549102576365,-2.15139704403227,0.0314448743136805,0.738021669156142
7.07960867091082,-1.68132905633817,0.829730787750929,-2.02635491072422,0.042728427984102,0.772801196701678
29.3994922255273,-0.803026948726697,0.395374881207984,-2.03105201390948,0.0422497185056467,0.772801196701678
33.9996791492866,-0.948602442011088,0.289287712130441,-3.27909690676166,0.001041398680813,0.204334686334084
31.797865252255,-0.668661512708985,0.241335361860608,-2.77067358696979,0.00559404737267837,0.4260593377723
85.166700140491,-0.557632651491216,0.276674655621852,-2.0154815056619,0.0438542219605893,0.77400686645895
216.201852463985,-0.518822879526099,0.221972531386494,-2.337329201435,0.01942207329066,0.647070029790488
3545.39767532034,-0.732532366514056,0.321967340747751,-2.27517600018931,0.0228953739736728,0.685512683974748
2611.0319217752,-0.753029726678101,0.353142461567209,-2.1323681194729,0.0329765960863244,0.747181228871103
68.2990040767198,-1.86153802237179,0.456050057958879,-4.08187213198345,4.46743750712962e-05,0.0549554379210371
275.960127563545,-0.637023201173639,0.220090011853076,-2.89437578657087,0.00379913188840134,0.361486232249501
61.6381787806097,-1.00503548070751,0.396303980305066,-2.53602166683729,0.0112119796880278,0.526641800282368
42.868681429275,-1.08931362668678,0.433848625569698,-2.51081497666697,0.0120452811280618,0.533569332588168
819481.22967119,-0.985554901889238,0.382660238609389,-2.57553516788367,0.0100085094753122,0.505279734299992
360175.942951224,-1.03648566663631,0.298114550639019,-3.47680334426672,0.000507429855650547,0.161432684421791
447379.548519135,-1.01020404435223,0.376952009971965,-2.67992746457927,0.00736381150827138,0.458882781623655
35.5358519549355,-0.752320328901024,0.283165464429482,-2.65682232971732,0.00788810028864631,0.469223272071701
20.3160852164659,-0.840571405656621,0.271593826344204,-3.09495770567084,0.0019684096382145,0.287575987293008
116.094033513923,-0.848173553301619,0.37285260818908,-2.27482263680853,0.0229165717154119,0.685512683974748
14.466718785071,1.44306903017112,0.660011687708317,2.18642950881934,0.0287841966736342,0.735299224843154
214.081458145894,1.36375685536938,0.437624367319471,3.11627266946455,0.00183152834577075,0.281628008634682
203.436589911765,-0.561135862156828,0.271779337140346,-2.06467448210406,0.0389538106139133,0.767474727224711
19.0071605109358,-3.18806799702671,0.759031825773142,-4.20017697384345,2.66706430210519e-05,0.0539410231896743
342.929056890621,1.24669077055687,0.362703250573815,3.43721973427186,0.000587718601462395,0.170164208834186
23.355215093572,-1.52405761058727,0.543319681475688,-2.80508448810071,0.00503033922098507,0.405326721858587
4.34900913766903,-1.96493403406181,0.713533504870406,-2.75380766376022,0.00589063748056343,0.4260593377723
3779.25587173227,-0.585421082208387,0.216759933667438,-2.70078086989343,0.00691768996363042,0.451085550213865
5.18223150050631,-1.81303958775399,0.739385127103947,-2.45209096219636,0.0142028753439641,0.569806311074372
45.3447348197982,-1.057132077178,0.536956570632609,-1.96874781871568,0.0489820571368847,0.781130070365846
327.256244962115,-0.69057958416312,0.18167693690163,-3.8011406177386,0.000144031529563559,0.098432214203955
42.3789668490264,-1.12007507782874,0.43761666345266,-2.55948909484317,0.0104826144652748,0.513064196586871
103.180705351203,-1.91367890395849,0.537334434965032,-3.56142986459267,0.000368840639866734,0.154434430383871
489.357537912732,-1.71961475993445,0.484418233850382,-3.54985555821497,0.000385442571312766,0.154434430383871
3.74172872944883,1.4939449828102,0.705611914598149,2.11723321545812,0.0342400597075689,0.750233240050995
1.87013131091036,-2.69726442402534,1.18120329474042,-2.28348874070664,0.0224015953343756,0.684628399338311
53.2483085439673,-0.53750941921549,0.200488258727471,-2.68100198299463,0.00734020809736212,0.458882781623655
2192.23544635638,-0.963488795546512,0.335898306313917,-2.86839432481709,0.00412560991795136,0.37134514246848
38.372207741903,-0.906387095180173,0.360350964245762,-2.51528977333889,0.0118934584640472,0.533569332588168
6.04417122171907,-1.3357258874395,0.586197779400352,-2.27862665874626,0.0226892678356748,0.684628399338311
57.4712515230917,-1.0825738525152,0.419010321788798,-2.58364483216924,0.00977624107321158,0.505279734299992
7.44818887055249,-1.65881061957453,0.662355104532305,-2.50441282662995,0.0122654826409535,0.537143619830945
325737.690402919,-1.02471558939135,0.386939738619627,-2.6482562712399,0.0080908166396155,0.470523492809823
25.9350488602117,-1.08465180868917,0.484383545765609,-2.23924164677143,0.0251401974014237,0.707144698858339
8.45600227079622,-2.20217809649913,0.604097954834175,-3.64539902655957,0.000266977227296537,0.127535816980651
39.3114171372039,-1.13318710876855,0.409625984718282,-2.76639459175886,0.00566799053543197,0.4260593377723
5.17898529957415,-1.12534035263085,0.549904215083113,-2.04642976315568,0.0407141062686571,0.769050108819485
40.6560146086441,-1.43218459201996,0.471543852119006,-3.03722460929999,0.00238767467840479,0.308093518642834
66.6604521042228,0.939897158430533,0.429356346982932,2.18908411401194,0.0285907269476424,0.735201549559739
493.642688160682,-0.558249257861351,0.21193440048445,-2.63406627987377,0.00843690167145586,0.477538986630992
45.7829168722579,-0.981018127507657,0.491245420092245,-1.99700208364984,0.0458249566422329,0.775489937998032
13.766620598265,-1.20415637837072,0.369810152780945,-3.25614742947308,0.00112935093698496,0.217070661346318
33.7380041088529,-1.06536308662631,0.443884843911134,-2.40008889972282,0.0163910905388655,0.605320046946155
1.1383145248242,2.52259111742474,1.03036563900231,2.44824848766049,0.0143552614899176,NA
429.431516059775,-0.761093929829267,0.342448531283446,-2.22250604193512,0.0262491261709036,0.714469070670152
145.781607850745,-0.765113466059284,0.290410594589432,-2.63459212685048,0.00842384402638322,0.477538986630992
6.95962551990994,-1.22707906767747,0.590580210427067,-2.0777517532972,0.037732229639847,0.766651604047534
97.5459763542793,-0.793786172544862,0.254306329224355,-3.12137796556595,0.00180006836848883,0.281481877418271
76.2569607616158,-0.602535455758156,0.275968748558079,-2.18334669742994,0.029010288081824,0.735299224843154
41.8465100847583,-0.75118161755591,0.320544446506093,-2.34345541076666,0.0191060458543436,0.64450595631508
24.1946588701739,-1.18761250277384,0.47085411243842,-2.52225152420042,0.0116606297777526,0.53004154835711
19.2937389945659,-0.672664990956975,0.323832405274842,-2.07720098421304,0.0377830130786799,0.766651604047534
11.1800625703121,-1.37697037164696,0.626044605974524,-2.19947645663925,0.0278440614003398,0.729799177498678
6.24213133232698,-1.71728816077306,0.605776531802387,-2.83485422530905,0.00458466003290381,0.386283775923019
12.5411386440941,-0.910263764145055,0.434361333366679,-2.09563719010096,0.0361143875131951,0.757983525870529
2.97597762846808,-2.25959436486927,0.598053079273125,-3.77825053190193,0.000157933953632761,0.0986816090997319
1.70972971580671,-2.28418135067568,1.05826385434778,-2.15842329045949,0.030894936539659,NA
31.4214236880094,-1.06702607933934,0.412658636793416,-2.58573548255458,0.00971714712247203,0.505279734299992
2.16918595121268,-3.72641247671102,1.82673167869889,-2.03993422797878,0.0413568770764927,0.772801196701678
6.93928480582153,-1.28180720373794,0.615708870303958,-2.08183975505363,0.0373571091295994,0.766651604047534
53.3676526845922,-0.968658097950377,0.351089743010297,-2.75900426382427,0.00579777784951473,0.4260593377723
122.018918998618,-0.551249231646535,0.2748302077661,-2.00578108253547,0.044879609862765,0.775489937998032
88.5129348839007,-1.22679995821806,0.398915304995731,-3.07533940877798,0.0021026312639616,0.287575987293008
42.82023183689,-1.7675551465172,0.451780373705306,-3.91242127678208,9.13753298521997e-05,0.083293770149104
36.8020582145773,-1.38326107709241,0.448220030047058,-3.08612062014985,0.00202786541108735,0.287575987293008
17.293379107144,-1.01003901565275,0.425588820659962,-2.37327431224927,0.0176311642693206,0.620859242552487
8.03419149705786,-1.53838266994345,0.661503334133526,-2.32558566308439,0.0200406651480767,0.655626379508255
19.1710237107802,-1.38041697538574,0.538847922711756,-2.56179325780599,0.0104133285938834,0.511577287633089
65.2587524259913,-1.10103295646087,0.402774457098119,-2.73362160151246,0.00626419879038757,0.428936340350124
143.414426505357,-1.06268772315368,0.500504616988898,-2.12323260781678,0.0337343647893218,0.750065088177289
36.531068112066,-0.685183391523243,0.275063179193466,-2.49100367970851,0.0127382800534801,0.546620333829804
3.61580328156973,-4.65001944204418,1.54720326775017,-3.00543538070851,0.00265200939968465,0.317228939095449
17.1727589243246,-0.700911548461625,0.341356624591752,-2.05331169213395,0.0400423576223222,0.767474727224711
39.6486954856041,-1.05324220626672,0.536870567806845,-1.96181774420843,0.0497837070642876,0.781130070365846
1.87284689186184,-1.9022437139255,0.929089932352324,-2.04742689344323,0.0406161880692762,0.769050108819485
215.699508259104,-0.545468288958429,0.207026516179808,-2.63477499898938,0.00841930724809778,0.477538986630992
31.1513579238792,-0.573001975852612,0.248495529962227,-2.30588443961029,0.021117090319266,0.669506100637622
15.5911749094419,-0.800154345879605,0.385513027190495,-2.07555721712154,0.0379349218009443,0.766651604047534
4.37263524090219,-1.09884073647802,0.545302839799964,-2.01510180449659,0.043893983216735,0.77400686645895
419.406055381953,-0.950183874599131,0.323603468203876,-2.93625986109795,0.00332195911983429,0.344363986961699
9.49781144783531,-1.45463180965518,0.722639428730547,-2.01294276484542,0.0441206509364436,0.774796542796696
3.89859579019801,-1.54503172974263,0.781351823357519,-1.97738289405089,0.0479983660614254,0.78104373923368
20.4239250285746,-1.59514476542327,0.518171296766859,-3.07841205287944,0.00208106945626557,0.287575987293008
45.9589682286542,0.787261960258763,0.364137734325382,2.16198950574919,0.030618985096805,0.736950820139587
4.70667904853165,-2.25489412530202,0.642493375927681,-3.50959902434205,0.000448782913948074,0.15545913371486
8.61919110018702,0.855170936613193,0.415297936382113,2.05917453879751,0.0394775213310879,0.767474727224711
20.0320583857388,-1.14096200974564,0.465460289517317,-2.45125531745967,0.0142358936378325,0.569806311074372
343.357213973718,-0.90983759165656,0.293583051708652,-3.09908077581901,0.00194122086902586,0.286555259802122
15.4935369097214,-1.80908773228826,0.518358746454854,-3.4900303017185,0.000482965781359457,0.156345343818328
56.0975377070028,-0.898651775889271,0.393710128473715,-2.28252135491929,0.0224585781735914,0.684628399338311
14.0907854985722,-1.09171540370552,0.52959841864574,-2.06140231025839,0.0392646746409161,0.767474727224711
32.7841980546541,-1.36763943569299,0.471903957631412,-2.89813088781341,0.00375393890603039,0.361486232249501
49.9256593794678,-0.778308611056587,0.386685495073285,-2.01276908747012,0.0441389273906247,0.774796542796696
33.610900601106,-1.47853971339737,0.401958010466218,-3.6783436948612,0.000234753484911526,0.119440206186826
25.661228165992,-1.45349821649533,0.528209937986949,-2.75174341102844,0.00592789473970999,0.4260593377723
1.27301201047038,-2.21299087049691,1.11957553225657,-1.97663382839075,0.0480830354671246,NA
71.7423126962332,0.905363025963831,0.309359514200891,2.9265724324092,0.00342719689740026,0.345566323228577
31.339814495213,-1.3556906377979,0.44901354571368,-3.01926445368839,0.00253389243422385,0.313794518095963
19.4029970117148,0.81458946871479,0.407427682468431,1.99934737811515,0.0455707812751889,0.775489937998032
1.58701661933664,-2.58699485407945,1.314932379164,-1.96739763585728,0.0491373866961497,NA
14.4243716702421,-1.39080468422426,0.600204087460803,-2.31721961459499,0.0204917715737463,0.660240483635797
21.6886830118432,-1.09363950441508,0.557966945710989,-1.96004353451711,0.0499907021169452,0.781999801772364
47.1439527251288,-0.908035559939407,0.36482704484183,-2.48894804477307,0.0128121687393626,0.547245688839626
6.89645509355,-1.28782193349881,0.558288932835554,-2.30673018531454,0.0210698663874194,0.669158648159488
94.1428117761073,0.824544850968194,0.398948093001783,2.0667973238426,0.0387532557663613,0.767474727224711
2.44077139977475,-1.41399375600288,0.691497053035203,-2.04482976434448,0.0408716442510278,0.770340735158288
12.8854478137055,-1.23728007298651,0.460230949883986,-2.68838954289886,0.00717975849904125,0.456830702842446
7.24669022466582,-2.37707972270283,0.826488513464175,-2.87611949104949,0.00402597273453661,0.369820409974795
457.340717069827,-0.54646754128983,0.245355236142625,-2.22725037330024,0.0259305452153878,0.71200955403919
53.2051642369122,1.28434527864468,0.379037541258165,3.38843818578357,0.000702918706596769,0.181978382031038
2426.46866555984,-0.681844444435823,0.218220570196973,-3.1245654056369,0.00178067929536844,0.281481877418271
14.2686420699435,-0.985563698114696,0.469421008376846,-2.09953044394531,0.0357701670234322,0.756072680434931
105.105891983301,0.675163371845133,0.282238374014337,2.39217425413186,0.0167488883130547,0.611472212585704
33.5352626694332,-0.932053231217335,0.370744145684821,-2.51400660554111,0.0119368198099046,0.533569332588168
49.4214276829178,-0.706328809872518,0.359127589314166,-1.96679071975899,0.0492073429077087,0.781130070365846
210.007556492475,-0.579895858805383,0.256477007195208,-2.26100524622863,0.0237589321982491,0.692574750271869
6.21084761682672,-2.30236699176387,1.01263089754308,-2.27364876713721,0.0229871128391054,0.685512683974748
461.227966398176,-0.515904149622908,0.230884156599202,-2.2344718547253,0.0254520424320049,0.709325475480226
137.818872365274,-1.19329867149534,0.327782363628496,-3.64052128456736,0.000272086612834678,0.127535816980651
38.8088562441265,-0.652051006681343,0.291571447897068,-2.23633353465917,0.0253299313461576,0.707168454668805
6.9674534206868,-1.51967062256434,0.540874289497791,-2.80965587026769,0.00495944975411318,0.404919322402196
3.95810799795438,-2.90204315208944,1.12240939676746,-2.58554780496967,0.00972243894556952,0.505279734299992
11.8858704563637,-1.99386289398668,0.670848565063995,-2.97215049389944,0.00295721691020957,0.328714255585464
4.31890556930473,-2.0977973785495,0.948403422210885,-2.21192514643103,0.0269718374190798,0.714469070670152
527.159854478625,-0.547817467943791,0.215787593436495,-2.53868843532476,0.0111268864438785,0.52657045651871
10.4751055684196,-0.933909501468201,0.444914287273199,-2.09907734631758,0.0358100830483579,0.756072680434931
21.6385159057464,-0.746343154421636,0.358226645614121,-2.08343841408601,0.0372112798417157,0.766319794240333
15.5649473627788,-1.31363337025422,0.407938105475094,-3.22017814129997,0.00128110960506022,0.238778125581527
3.29166854677678,1.31407895381699,0.621761888484465,2.11347620070447,0.0345600299160587,0.750233240050995
29.9785756891474,-1.05855393951904,0.459853094138678,-2.30193936500906,0.0213385918627198,0.673059311198128
17.5222763615004,-1.73022000285015,0.448645622252155,-3.8565404787962,0.000115003061380404,0.0922624560257053
20.4114931672837,-1.25316090246687,0.518970433790189,-2.41470577295643,0.015747924953311,0.595452277128062
4.38341212251499,-2.09264051267459,0.733577565059584,-2.85265064302316,0.00433562572338029,0.379778776954199
59.0981251005731,-0.630518272301013,0.285860350618984,-2.20568634627268,0.0274059685727811,0.721834950610267
1740.91676638929,0.828100910911707,0.327415524374504,2.52920478494022,0.011432130253519,0.528368825389208
7.51005404298312,-3.05664334232762,0.800336693968436,-3.81919680225005,0.000133886914783254,0.0950185135223307
4.05230001618741,-2.76513998298579,0.923986265652359,-2.99262022150679,0.00276593704253351,0.324568521920085
28.2430870159197,-0.830252212350837,0.353217149980666,-2.35054331987074,0.0187460254377866,0.637019634213697
2.03832340098652,1.59793699037686,0.773668019759865,2.06540395824147,0.0388847943706953,0.767474727224711
130.760277500629,-0.686375130474781,0.277806473815139,-2.47069523272347,0.0134850688415364,0.560420023117183
13390.9574863272,0.614761472110884,0.305593744408189,2.01169521091287,0.0442520757659999,0.774796542796696
81.9914928362535,0.635446935490322,0.222653121780123,2.85397721087353,0.00431756283784194,0.379778776954199
380.618316961575,-0.768255261263324,0.229025198996537,-3.35445734630685,0.00079520811772831,0.181978382031038
1.17844179671811,2.9917955760688,1.50650811367913,1.98591401460319,0.0470428723111707,NA
1.80484349151618,-2.94733773455815,1.41800689826254,-2.07850733178342,0.0376626563177066,0.766651604047534
69.1755065585295,-0.8929813189961,0.31084015218937,-2.87279913069943,0.0040685270986351,0.369820409974795
113.613834808912,-1.44041977629488,0.616295086592453,-2.33722417658574,0.019427530701492,0.647070029790488
455.513123142775,-1.3210482322586,0.625032292754789,-2.11356796692242,0.0345521842202026,0.750233240050995
13.2848587871336,0.829434908960007,0.398076994322318,2.08360422930752,0.037196181994772,0.766319794240333
6.30198866211649,-1.34238843531552,0.681001939689808,-1.97119619942194,0.048701438479233,0.781130070365846
15.6382195484745,-1.30163225188856,0.507911234182897,-2.56271601076626,0.0103856960006751,0.511577287633089
48.2085302807046,-1.31795228251015,0.431247194531496,-3.05614111633112,0.00224205706448253,0.294729831318372
109.204876568917,-0.985795147157172,0.315722726887934,-3.12234458657479,0.00179416804859756,0.281481877418271
71.0827757328049,1.24539263467704,0.574579904227445,2.16748380079797,0.0301979835685516,0.736950820139587
236.650342106098,-0.739369203044061,0.353026971289799,-2.09437029794847,0.0362270065296628,0.757983525870529
72.9717738991219,-0.625225953940281,0.294812795488914,-2.12075582711196,0.033942355767832,0.750065088177289
302.640485374683,-0.652304950184062,0.301767716107224,-2.16161277488108,0.0306480359437835,0.736950820139587
235.542063851987,-1.01685606999117,0.292869104932042,-3.47204963878701,0.000516500824190712,0.161533444202831
766.244558733749,-1.66383045472668,0.446468969473978,-3.7266429886202,0.000194047008271991,0.108501678685902
443.696054294579,-0.812656902062279,0.287263996036939,-2.8289549448368,0.00467002729721456,0.389345454758315
9.47826255696157,-1.54452816039625,0.744123181824481,-2.0756350536067,0.0379277168438688,0.766651604047534
8.15324664884139,-3.20012298875494,0.835468790622692,-3.83033217359302,0.000127970389721292,0.0944523852454912
28.6736875933373,-1.52356168327131,0.598328820598799,-2.54636185124184,0.0108852287691379,0.523057919917011
2.79748485391816,-4.381452422943,1.2987541886324,-3.37358097574779,0.000741972196493546,0.181978382031038
12.1482788911805,-1.54029580088233,0.511351837540635,-3.01220351195068,0.00259358654971083,0.317228939095449
8.73393788330452,-1.37435277584459,0.587556436859897,-2.3390991735017,0.0193303014520914,0.646164352163028
222.607870975665,-1.62978461080853,0.361585408952631,-4.50732958370575,6.56486193472835e-06,0.0173049760599439
14.6806532626724,-1.15418108401462,0.528404100800304,-2.18427730266766,0.0289418775678904,0.735299224843154
11.5828830201381,-0.947250753957134,0.393729638426742,-2.40584061119234,0.0161353027485454,0.601471931951836
674.959287824065,-0.632750392871058,0.246635217469139,-2.56553139232937,0.0103017898946818,0.510990933163086
58.8241651361038,-0.96238784533093,0.379819788678425,-2.5338012236791,0.0112832716667059,0.527085895681159
333.944057583982,-0.701574049069237,0.300834945543625,-2.33208960415637,0.0196959778329913,0.652430496262335
29.2933803249379,-1.37011011736977,0.46660336851638,-2.93634853457272,0.00332100957423083,0.344363986961699
24.6308909152669,-2.09166043413832,0.585446060255386,-3.57276370298894,0.000353233480485673,0.153593723844394
24.2830492061712,-1.3748292504998,0.474573887960567,-2.89697618300912,0.00376778358297379,0.361486232249501
14.4137342377218,0.983219647563145,0.377313988183249,2.60583937610505,0.00916494294209373,0.497484727146309
8.05687030788215,-1.60877293935613,0.694536589062183,-2.31632568347252,0.0205404930423702,0.660301703166924
45.6707271520823,-0.79712104401465,0.372206328699565,-2.14161066739428,0.0322248246141422,0.746063317164556
4.99832375589609,-1.27489176377767,0.620042740935971,-2.05613529456564,0.0397694770576767,0.767474727224711
6.88274951680324,-0.955907665677969,0.45474409880859,-2.10207821977768,0.0355464244455528,0.756072680434931
29.6811981424345,-1.40101717329932,0.487684425058038,-2.87279458049659,0.0040685856939564,0.369820409974795
122.560950055893,-1.37466358513732,0.456509164767594,-3.01125079457529,0.00260173866164184,0.317228939095449
5.34868613974295,1.72153883482826,0.69166865542418,2.48896465284016,0.0128115702548665,0.547245688839626
31.1635678500473,1.47417807449747,0.534077026001485,2.76023495250172,0.00577598050685518,0.4260593377723
36.9150051549854,-0.629862344319934,0.293656555051035,-2.14489454938429,0.0319612791413285,0.743694227888768
11.3830537680955,-1.48190905431841,0.583165925615925,-2.5411447912586,0.0110490152563564,0.52657045651871
185.991155516699,0.630513261402036,0.27612631381983,2.28342330971557,0.0224054455107328,0.684628399338311
45.9058302503053,-1.16112761733349,0.523241837421815,-2.21910316471394,0.0264797067985086,0.714469070670152
53.9618388337935,-0.750692292240573,0.36453429320573,-2.05931871495258,0.0394637168098268,0.767474727224711
7.44819007161649,-2.147978418861,0.652065920339842,-3.29411237707612,0.000987330168303022,0.201069492422518
3.61714241300451,-1.64944423465271,0.742225179904171,-2.22229625093785,0.0262632913533147,0.714469070670152
38.8841352597019,-0.972615505518211,0.331079084990253,-2.93771352408699,0.00330642396123689,0.344363986961699
49.082848515684,-1.9660189529336,0.535049146973654,-3.6744642320314,0.000238349029346144,0.119440206186826
72.2255064503091,-1.28950647408087,0.373376384557349,-3.45363693959817,0.000553081421085424,0.16730259642407
9.70633533257703,-1.53704429349981,0.694474830967622,-2.21324693849339,0.026880625630348,0.714469070670152
17.3147316455851,-1.44860567913915,0.460755393998621,-3.14397986004584,0.00166666909873421,0.272153789467643
143.532393459499,-0.956027360348664,0.34743806109294,-2.75164832932028,0.00592961595426232,0.4260593377723
614.06619610942,-0.702657443856693,0.356785150501254,-1.96941336507283,0.04890564222913,0.781130070365846
313.248765944179,-0.622172102370588,0.257203138814703,-2.41899109489026,0.0155636212176397,0.593267975858932
324.614815432189,-0.592553530325672,0.288036119993919,-2.05721952628088,0.0396651141064779,0.767474727224711
1.01037467079487,2.36623124456482,1.12715063600828,2.09930347282121,0.0357901574937302,NA
13.1677487835947,-1.38844168603493,0.475585690414037,-2.919435369946,0.00350666099414438,0.34975626304839
142.8650742585,-0.747524053131114,0.213127070370557,-3.50741016536013,0.000452491105603046,0.15545913371486
60.7930191753405,-0.730363959181883,0.362072570012368,-2.01717561525562,0.0436771898467138,0.77400686645895
117.408323573803,0.67742191232371,0.333760832252932,2.02966270113547,0.0423908367138948,0.772801196701678
31.9254904749872,-0.730381791060446,0.342317797716874,-2.13363662635074,0.0328725373902803,0.747181228871103
4.66199724118393,-1.54804642828954,0.765908971332786,-2.02118853053219,0.0432602525478434,0.772801196701678
77.5967014573939,-1.0979856145926,0.436668069139408,-2.51446279723756,0.0119213879571378,0.533569332588168
13.1744669022771,-1.30873384648126,0.530450313445887,-2.46721288178628,0.0136169375843261,0.560906134840198
82.9854325695772,-1.29043217474821,0.315154905464736,-4.09459650594779,4.22904236504777e-05,0.0549554379210371
1177.92283762875,-0.623456019582136,0.301543496655931,-2.06754921427974,0.038682431854606,0.767474727224711
1.93220699128412,-3.23178707494184,1.30989576725234,-2.46720934271044,0.0136170721785119,0.560906134840198
11.3320277569719,-1.06690117515913,0.40407551630759,-2.64035095446611,0.00828202128069904,0.475508743593934
5.78825169306586,-1.5910467088096,0.782238988344909,-2.0339649806717,0.041955126400436,0.772801196701678
2.19044118237655,-3.27147980111952,1.63688566107406,-1.99860007263604,0.0456516425300055,0.775489937998032
355.817875517781,-0.538538500942974,0.261455520116857,-2.05977101077183,0.0394204371581208,0.767474727224711
198.043239805186,-1.19030592211984,0.384062515352262,-3.09925044631886,0.00194010943262306,0.286555259802122
5.53433829205037,-2.23356735404784,0.943398745097956,-2.3675750743297,0.017905086991784,0.623351364291691
154.769759408957,-1.07974804315274,0.302509373062242,-3.56930442261232,0.000357930312449001,0.153593723844394
38.5345627765464,-1.07968181112626,0.413867818965934,-2.60875999932512,0.00908709502198184,0.497484727146309
5.06234607089977,1.81847813244427,0.628743284115842,2.89224263445052,0.00382502422354731,0.361945369091769
6.94897193952127,-2.23862412458453,0.795608295786213,-2.81372647374465,0.00489708774051605,0.401702008503973
77.4216071368204,-0.963896438822242,0.472012696587001,-2.04209854055181,0.0411417576391078,0.772801196701678
17.3463595104136,0.998628956423741,0.394751557541611,2.52976571553736,0.0114138712539118,0.528368825389208
422.89258401351,-0.684059078742633,0.340116745401291,-2.01124786706852,0.0442992820643027,0.774796542796696
7.03535868231645,-1.70811660110922,0.788798262273289,-2.16546699302618,0.0303519404665369,0.736950820139587
6.19017448477844,-1.27021044082941,0.628327878415911,-2.02157262865967,0.04322052213334,0.772801196701678
15.3273747465495,-1.16277256133226,0.480824551437519,-2.41828866237368,0.015593700861239,0.593267975858932
7.48045541035443,-1.85030541253448,0.629961196819928,-2.93717362573267,0.00331218606273276,0.344363986961699
3.84274249790034,-1.71422350709586,0.671560603241678,-2.55259688972397,0.0106923165898264,0.517833663295213
8.91807159277347,-1.5050306982114,0.66764028119221,-2.25425388582584,0.0241802005746268,0.693892785385712
44.6399037343219,-0.597512700147448,0.251723498296494,-2.37368662119761,0.0176114906845739,0.620859242552487
28.7624111508332,0.559885128927857,0.285170409731677,1.96333528943155,0.0496072275236893,0.781130070365846
3.20076153533885,-1.70659387974556,0.795373477911305,-2.14565097673004,0.0319008351237179,0.743694227888768
4.87058953785823,-1.56337897724413,0.643154074770331,-2.43080008130619,0.0150655247453926,0.58863306027875
2.79439474473201,-2.30192091437186,1.01365959311552,-2.27090132624979,0.0231529519627643,0.685512683974748
6.50742875901024,1.51154264903249,0.621974045100083,2.43023428540216,0.0150890655490922,0.58863306027875
2.36196777535051,-2.70067840039786,1.06317357552613,-2.54020459364914,0.0110787639427992,0.52657045651871
2.81176033314402,-2.75306600486309,1.20975087326322,-2.27572971072704,0.022862191962161,0.685512683974748
3.75224232450836,1.57444872104798,0.726559064537997,2.16699343232218,0.0302353549112896,0.736950820139587
10.7164989626927,-1.08789772536226,0.431207554830649,-2.52290970595243,0.0116388281774294,0.53004154835711
2.39844079910422,-2.69982023012218,0.966508702781011,-2.79337394723273,0.00521613539675164,0.409345151186029
16.0225864478344,0.87944606888823,0.400407424163835,2.19637802851624,0.0280648969494167,0.731536193510697
54.2212949152634,1.10605037449661,0.405428482740397,2.72810229567624,0.006369985059532,0.43344674527801
15.3949025435003,-1.1417988339662,0.38172447061521,-2.99115965011624,0.00277920152088519,0.324568521920085
1.9303931044199,-2.12026167382179,1.04620427568047,-2.02662302487984,0.0427009799998458,0.772801196701678
477.537993651779,-0.556844066035414,0.22506634720591,-2.47413295211996,0.0133559983105025,0.559614662683367
10.9570660328648,-0.746278809571115,0.349429903485642,-2.13570390549525,0.0327035558791549,0.747181228871103
5.93023338815233,-1.63146935341437,0.734193241082978,-2.22212526910198,0.0262748410092692,0.714469070670152
1.59544530342149,2.48345778490826,1.08613621386821,2.28650675044116,0.0222246296632107,NA
34.6330180630769,-0.562540436720233,0.248253361661601,-2.26599322947756,0.0234517977878678,0.688519691758013
5.27489836578526,-2.68363818813253,0.938842638943292,-2.85845367137679,0.00425711267640154,0.379778776954199
1.38813158126444,-2.98405076165838,1.09073001218021,-2.73582896622941,0.00622233574689802,NA
1.9559346407695,-3.01984254594571,1.17897180974371,-2.56142048604383,0.0104245100883396,0.511577287633089
1.99276332882942,-2.3452691667533,1.17272926104414,-1.99983853448425,0.0455177020703027,0.775489937998032
2.08070172410229,1.92875467085324,0.960099617412855,2.00891098785206,0.0445465744382684,0.775489937998032
2.1847504019615,1.50258716570156,0.750448037047432,2.00225344264122,0.0452574805190694,0.775489937998032
30.3768797589846,0.872672202559934,0.411251747095861,2.12199026198062,0.033838555804172,0.750065088177289
5.86992612111427,1.01238581233714,0.469667773637,2.15553603879919,0.0311199116162291,0.736950820139587
2.24609857257418,-3.48044994682032,1.01334628994775,-3.43461063739599,0.000593405781616088,0.170164208834186
14.2784058941201,0.616689486893347,0.304165239373483,2.02748179957578,0.042613163921982,0.772801196701678
49.3111082488367,-0.559143978961235,0.274771940553115,-2.03493842142571,0.0418570694071713,0.772801196701678
2.02320578480121,-2.08767181931113,0.978782647919362,-2.13292687988388,0.0329307249173425,0.747181228871103
4.17685820249974,1.25942658572404,0.641799032735633,1.96233793054471,0.0497231539412864,0.781130070365846
2.52964497562208,1.84720265893433,0.667065348048472,2.76914797678878,0.00562031024261963,0.4260593377723
16.3198811441659,0.860575276780627,0.399785113039305,2.15259460323131,0.0313505530536293,0.736950820139587
5.05289902041223,-1.57978062614989,0.726419699279415,-2.17474915357744,0.0296489192611716,0.736950820139587
2.74529266279692,-2.27908617897455,0.983494210056981,-2.31733563417979,0.0204854556130918,0.660240483635797
1.62939845329925,2.89694048138439,1.15893523963512,2.49965691119761,0.012431363338177,NA
4.81596850155919,-1.66434912985843,0.63334953806172,-2.62785244140534,0.00859257794645452,0.482162102586722
2.05515779378894,1.99677670564569,0.899411284726234,2.22009300923267,0.0264124546576156,0.714469070670152
3.80692024534935,1.3868222529163,0.573693776111922,2.41735628075864,0.0156337064138581,0.593566153803518
3.90897777745762,-1.37348815362436,0.694645343048603,-1.97725093440705,0.0480132728051154,0.78104373923368
17.6987930228654,-0.852237863298485,0.358782497239581,-2.37536075437201,0.0175318059031279,0.620859242552487
8.61351536843101,-0.974146370600711,0.389701646185048,-2.49972351961311,0.0124290264645243,0.540554072467243
4.62861748649643,1.20784594951444,0.610254418032014,1.9792498240481,0.0477878857933637,0.78104373923368
21.3012794249984,0.674512681431502,0.322175643708973,2.09361785908559,0.0362940353629739,0.758434360722077
2.16137631144995,-2.12354883949697,1.05435245673604,-2.01407871336577,0.0440012700217212,0.77400686645895
21.8290192714331,-0.666057282881929,0.332255548995434,-2.00465360140933,0.0450000920411484,0.775489937998032
1.94133442301228,2.41063414656176,0.979750380114415,2.46045747517877,0.0138760015071494,0.566460132322834
6.3717329895039,-1.39895422205861,0.487472780057302,-2.86980992434935,0.00410718610207847,0.37134514246848
2.39642721997696,1.44727710014175,0.725246120729225,1.99556682728138,0.0459810933345258,0.775489937998032
4.69898718126301,-1.65470631547408,0.695234576263077,-2.38006907591998,0.0173093929949381,0.619395753003258
3.22570340487555,-2.70704133314895,1.1790125076769,-2.29602427075421,0.0216744936798605,0.679011472632913
6.39263600914936,1.44003315614222,0.632230377170391,2.27770320462492,0.0227442666808142,0.684628399338311
5.8201630080085,-1.48670584723954,0.71138849766238,-2.08986489397123,0.0366299379299907,0.762092160346085
6.21713922844239,-1.28586128274813,0.545089848826913,-2.35898959688102,0.0183247694680722,0.630982737282544
7.36631439509365,-1.25531780860608,0.533813270741966,-2.35160472286736,0.0186926270140995,0.636643324139349
7.09859434219291,1.08925197194177,0.502582581896319,2.16730943565903,0.0302112675140645,0.736950820139587
6.08017517878882,2.00914786404166,0.634231148987654,3.16784797979194,0.00153571800530848,0.260808428357099
1.84944780594044,-1.50694507190375,0.751958466377444,-2.004027003198,0.0450671678997564,0.775489937998032
5.00630467063333,1.07187229214151,0.484603933754484,2.21185223123788,0.0269768767831143,0.714469070670152
4.41190504710608,-1.89127739924011,0.592367964828342,-3.19274084949575,0.00140929362417061,0.252468795662098
22.0066277977806,0.714888814851011,0.356749622700894,2.00389508316422,0.0450813003650332,0.775489937998032
3.19928249102653,-1.57989122228214,0.741114028144681,-2.13177886571285,0.0330250298386425,0.747181228871103
5.14794456016904,-1.17919607263821,0.473170999957703,-2.49211399841414,0.0126985273215752,0.546184676311667
28.9784854616394,0.570691932869901,0.284531572174593,2.00572445619397,0.0448856544357138,0.775489937998032
5.30507572823274,0.95781249951116,0.48497646814037,1.97496695702343,0.0482718979418438,0.781130070365846
4.95216909313427,-2.37851699896167,0.94040649578989,-2.52924348099472,0.0114308698159544,0.528368825389208
2.48425093347171,-1.68625736967612,0.79251585360872,-2.12772698741325,0.0333597259976716,0.750065088177289
1.4652506601134,-1.86388696714451,0.840180018694172,-2.21843762726161,0.0265250079566383,NA
2.65194853322335,-2.7899413893155,1.02810177955926,-2.71368209333468,0.00665399873818302,0.438498516846261
1.76232655740249,-1.99941843607772,0.985794269507027,-2.02823093816277,0.0425366837138974,NA
9.37661755227272,-1.18503826593394,0.488675837654954,-2.42499868956213,0.0153084420128142,0.589710588769202
6.57255907325363,1.62971122289687,0.722173350873327,2.25667593649925,0.0240283315438709,0.693400924082707
27.2212242568897,0.711929589886053,0.357769590172934,1.98991085167951,0.0466007567548372,0.775563304779895
7.18160007651145,1.03851036424627,0.445847705066113,2.3292939549667,0.0198434984041984,0.65267777638907
2.70041039002058,-1.38307816299714,0.677474084935334,-2.04152187331144,0.0411989819958198,0.772801196701678
39.9375057657144,0.694640161079173,0.281947362763931,2.4637228533355,0.0137502386856347,0.563262012834455
4.35310117222393,1.0278437576876,0.495268305213703,2.07532714463546,0.0379562253343744,0.766651604047534
2.77868218762856,-2.31465293264993,1.10229594033028,-2.09984709909789,0.0357422935482038,0.756072680434931
1.40753340157244,1.62077120293284,0.783601923481477,2.06836041919331,0.0386061442197847,NA
8.35772718829349,-1.09116094824868,0.500475212766839,-2.18024973148276,0.0292389550391727,0.736899921810864
2.0069405612685,3.22807067821147,1.53782405610106,2.09911573785353,0.0358066994406195,0.756072680434931
1.96286434063964,-2.08653023854192,0.909414610764213,-2.29436630316345,0.0217694670199766,0.680830856699337
1.88547102787159,-2.31853947320346,1.1463192888607,-2.02259483525554,0.0431149371274778,0.772801196701678
2.10447677733005,-2.05987224073697,0.902344554754581,-2.28280010100711,0.0224421460208345,0.684628399338311
3.5048840514059,1.44139761821356,0.671963489990393,2.14505347341738,0.0319485718213321,0.743694227888768
4.20072027068356,-1.29633729479737,0.639165480503551,-2.02817163057066,0.0425427342431593,0.772801196701678
10.6948154931588,0.893512470591454,0.41671824908786,2.14416448654992,0.0320197095181402,0.744115466031137
11.4460262038331,-1.03856308326188,0.482979169275767,-2.15032686568908,0.0315293687623008,0.738197782801653
15.0291773702522,-2.08673260220495,0.649773042633248,-3.21147918625299,0.00132053536039396,0.243665184699893
742.983856293805,-0.694990964090897,0.349410396720557,-1.98903916601749,0.0466968801002852,0.775563304779895
2.9621770806795,2.00253780228562,0.904247738306495,2.21458978270274,0.0267882339555861,0.714469070670152
4.33941217595206,1.39750269592182,0.673690151572206,2.07439977066673,0.0380421986087023,0.766692769058254
5.09113314989168,-1.85235507170058,0.793346022647797,-2.33486400488696,0.0195505262709442,0.649993352705337
7.78617381865733,-2.12810198373855,0.873868209581623,-2.43526650861622,0.0148808250315434,0.58314054056153
3.8356407793731,-2.82719863565664,0.91944876402111,-3.07488437234087,0.00210584177346348,0.287575987293008
37.4505975465807,-0.74202445558474,0.375543529717623,-1.97586803357437,0.0481697255174468,0.78104373923368
30.0135060555255,-0.81348809494355,0.290826975775783,-2.79715488143273,0.00515548127857988,0.409345151186029
1.89702682180834,1.95316119065661,0.718875974186097,2.71696545828779,0.00658834831924527,0.437957372743121
197.770181540315,0.52344688383512,0.263136564344731,1.98925939896882,0.0466725786246279,0.775563304779895
70.3655979759015,-0.581167356459771,0.274414948424424,-2.1178414652576,0.0341884963054725,0.750233240050995
185.660278773116,-0.634123485912988,0.314560002896641,-2.01590628202451,0.0438097766010866,0.77400686645895
103.68024545659,-0.855785502598482,0.335032527253961,-2.55433557336294,0.0106390665782798,0.516610675006364
5.47010387596715,1.16313905472774,0.563473666970458,2.06422965776096,0.0389959468029855,0.767474727224711
221.611189850048,-0.648675315445781,0.284214438621837,-2.28234469223739,0.0224689978977281,0.684628399338311
16.2528534494229,0.708334713200567,0.340353364450608,2.08117441219936,0.0374179447401498,0.766651604047534
33.9424176423837,-1.24637970953251,0.401432992938827,-3.10482628846215,0.00190390804526652,0.286555259802122
80.4192771322264,-1.04532969026822,0.394801079746203,-2.6477376681447,0.00810323782583103,0.470523492809823
4.38076756352383,-1.83729220253792,0.657944453303674,-2.7924731233959,0.00523068127481859,0.409345151186029
7.01701771004419,-1.78704937654689,0.55410848032522,-3.22508938231378,0.00125933344405633,0.237114497038035
26.8059826639473,-1.42460275610375,0.417516862849034,-3.41208435602481,0.000644681596480074,0.180237345731065
158.094023967047,-1.09718398811468,0.380847227982124,-2.88090317455633,0.00396537436517024,0.369820409974795
2.56843802306593,-1.37429450516183,0.664583146068138,-2.067904540301,0.0386490004009576,0.767474727224711
55.3572453632193,-0.619442590904183,0.266924420292114,-2.32066661501516,0.020304843872433,0.660240483635797
18.9331134355735,-1.12878459128573,0.494999795440436,-2.2803738540566,0.0225855249512337,0.684628399338311
18.6083708297367,-1.78835859787263,0.635601259650887,-2.81364860550294,0.004898274003544,0.401702008503973
98.6124560639146,1.0779816384714,0.419300456469805,2.57090499625781,0.0101433148525347,0.507220719943007
5.76766471310979,-1.98445370471288,0.72886348310268,-2.72266858021932,0.00647569850483783,0.435717318895071
113.935469492297,-0.65519317649779,0.292483100487812,-2.24010609640366,0.0250840358554156,0.707144698858339
1.6260777498417,-2.76583256949816,1.40716511804135,-1.96553519841933,0.0493523259259704,NA
6.53708034118313,-2.37082205159812,0.701170667043058,-3.3812339320985,0.000721610799750743,0.181978382031038
27.9792623185728,0.61168855616315,0.255748990976743,2.39175354642465,0.0167680977437874,0.611472212585704
3.46992373746443,1.48000156625532,0.636722991519767,2.32440415371646,0.0201038431561455,0.655626379508255
1.67069251522988,-3.74371347219429,1.82109745649274,-2.05574581351858,0.0398070234798248,NA
76.7695851179047,-1.23109877748762,0.438647189912947,-2.80658079157406,0.00500703548054503,0.405218503013232
21.4810734826666,-1.18448567062197,0.404501564687876,-2.92825979928151,0.00340865094590726,0.345566323228577
253.326166667959,-0.691504833811993,0.285882158863071,-2.41884571098122,0.0155698426702845,0.593267975858932
44.5569003736889,-1.125388527589,0.445838968411363,-2.52420404523868,0.0115960599699706,0.53004154835711
55.9941458709339,-1.07075960709826,0.471613673796214,-2.27041679788304,0.0231823062432388,0.685512683974748
260.930534929636,-0.634836192349888,0.313663946139167,-2.02393740231854,0.0429765929299351,0.772801196701678
32.3514818578122,-2.05138196082515,0.6174018970533,-3.32260391588667,0.000891814469417641,0.196159195085714
16.7100082607299,0.893987342085575,0.412151442068138,2.16907488567705,0.0300769990297346,0.736950820139587
5.14755455036395,-1.4700254217571,0.679570395734576,-2.16316871803707,0.0305282053148895,0.736950820139587
12.8671035905077,-0.942593717267202,0.466444439361882,-2.02080599043417,0.0432998524711643,0.772801196701678
2.55418944625724,-4.10520502320071,1.20571170882165,-3.40479817286734,0.000662129706285448,0.181978382031038
15.4763722732715,-1.38134304627497,0.590212438664326,-2.34041669708115,0.0192622349941568,0.646164352163028
55.1461610466004,-1.34853305867486,0.385337532423416,-3.49961513012717,0.000465930349244268,0.156315396441004
3.75210407049997,-2.87006799821761,1.17859356925398,-2.43516346354604,0.014885063657299,0.58314054056153
342.15921679155,-0.885208173217158,0.231049612808705,-3.83124716140536,0.000127495349056529,0.0944523852454912
41.9024554913189,-0.952174637816737,0.35792176100856,-2.66028708378524,0.00780740727084607,0.469223272071701
19.5427120964067,0.840022961272652,0.388694233389621,2.16114078654371,0.0306844657817663,0.736950820139587
132.798199043252,-0.706214342919748,0.322260563837813,-2.19143892293061,0.0284200450409109,0.733896996419705
65.9996677488273,-0.669284838925938,0.287312950469828,-2.32946283079649,0.0198345598798497,0.65267777638907
16.9489263878026,-1.40410905204934,0.496094216383626,-2.83032739684986,0.0046500393624643,0.389345454758315
17.7366656789882,-1.6326441134205,0.538859898360631,-3.02981186461913,0.00244706118456314,0.313563701233049
255028.571377821,-1.12364243265637,0.39093172698999,-2.87426769197769,0.00404965564020487,0.369820409974795
240931.290191624,-1.10809056768456,0.37196140724765,-2.97904714331505,0.00289146287580473,0.327320693155514
131011.896212414,-1.04842911597945,0.383063769805549,-2.73695712990987,0.00620103734454557,0.426946048811772
550862.55148555,-1.04149925427221,0.375295022021919,-2.77514806527698,0.00551765811751361,0.425990910394817
58184.9650164334,-1.13758359532371,0.380586230199224,-2.98902983097476,0.00279864806190125,0.324783987661647
187034.707423941,-1.03805207739954,0.38444312253245,-2.70014474589001,0.00693093142054497,0.451085550213865
17601.6350270147,-0.994573746199411,0.331305291206092,-3.001985698987,0.00268224776136793,0.317261767261289
4.37303648812132,-1.70177535282702,0.85364677066132,-1.9935357472373,0.04620281319882,0.775489937998032
15.2976054583762,-1.03179547901941,0.491843952382234,-2.09781064506728,0.0359218757896638,0.75752051665243
328.761285848516,-0.532341064489813,0.233367598610387,-2.28112671878914,0.0225409494955883,0.684628399338311
584.701996111924,-0.845788190466007,0.232589160805543,-3.63640415373067,0.000276470446522114,0.127535816980651
137.25911577948,0.756450523210964,0.344453450146877,2.19608926224548,0.0280855550011384,0.731536193510697
298.172170657513,-0.871973744053911,0.266151288588434,-3.27623341099918,0.00105201578158129,0.204334686334084
342.469747427207,-1.16582012274654,0.424215994863368,-2.74817578041119,0.00599278711937688,0.4260593377723
56.6318633237614,-0.697760030217996,0.238114652257058,-2.9303531874415,0.00338576939549286,0.345566323228577
2.94321766707798,1.53717687035878,0.745338537730912,2.06238748238957,0.0391708600989634,0.767474727224711
10.3539046210656,-1.02429040161021,0.493848967624512,-2.07409647232269,0.0380703521452826,0.766692769058254
12.2771731330273,-1.06889048774298,0.481260523735373,-2.22102257514627,0.0263494323941524,0.714469070670152
36.4070721220718,0.800302197954962,0.322256380161756,2.48343321411744,0.0130122731963426,0.554509157087559
7.12749963494802,1.20095927881626,0.46628667556673,2.57558137889444,0.0100071721433767,0.505279734299992
16.1090667832087,1.11020388163566,0.33628078523605,3.30141932092955,0.000961969963470774,0.200920146934926
32.5785566374292,0.996546540833325,0.462775239331426,2.15341370094269,0.0312861797702947,0.736950820139587
28.8310566847903,-0.621843477097045,0.278767295664564,-2.23069020924642,0.0257016566243202,0.709325475480226
488.123329059756,-1.07751667009793,0.317491722893713,-3.39384176783295,0.00068919501565101,0.181978382031038
48.3791512353193,-0.960783857802339,0.348069993471549,-2.76031797001448,0.00577451280595855,0.4260593377723
30.8233565356586,-0.548328301253792,0.271645378214831,-2.01854456297853,0.0435345779608183,0.773892131534701
304.225149855611,0.714312885169143,0.311750875656403,2.29129391750746,0.0219464201666972,0.682247601990896
82.7841013585783,-1.09282363012117,0.532519180856507,-2.05217702837195,0.0401524611139621,0.767474727224711
522.995700990286,0.708741067940078,0.341986720747413,2.07242277241386,0.0382260314684009,0.767474727224711
10.353121206044,-1.23519149219348,0.609039683394152,-2.02809689724947,0.0425503595335919,0.772801196701678
119.469518447155,-0.89606444162183,0.348157964179522,-2.57372955328918,0.0100608881650527,0.505840622402052
419.704590427286,-0.806429050381509,0.378462621673395,-2.13080236778954,0.033105427216763,0.747181228871103
0.913356052513596,2.8255050062289,1.37537091573134,2.05435855441691,0.03994100131492,NA
167.036638796165,-0.690295030490045,0.264866075813694,-2.60620401600844,0.00915519121468116,0.497484727146309
710.04630278596,-1.84801394594963,0.686701629406861,-2.69114542155063,0.00712071480972407,0.4566408281792
72.5407589910894,-0.644073032149545,0.306363869213334,-2.10231393735614,0.0355257844883761,0.756072680434931
107.027225367994,-1.10656094708029,0.373555084614543,-2.96224303364016,0.00305406615209336,0.33633614998733
147.819868560849,-0.889250195007663,0.269034225667761,-3.30534225822193,0.000948604839245209,0.200920146934926
78.0354695659671,-1.57265660952007,0.427925299952078,-3.67507275147365,0.000237781648225538,0.119440206186826
82.4945558001869,-1.50783084028627,0.387044447873262,-3.89575628476658,9.78927873846857e-05,0.083293770149104
25.3225645391036,-0.958654349734989,0.466116583842898,-2.05668363444905,0.0397166674010393,0.767474727224711
59.5686195389765,-1.17846075230874,0.444391708830041,-2.65185134846753,0.00800517770314076,0.470523492809823
18.430452167436,-3.08069680440733,0.870113694496085,-3.54056811643618,0.00039926655675336,0.154434430383871
3.2102791833902,-1.90061371871006,0.944840147234546,-2.0115717185314,0.0442651031488691,0.774796542796696
139.788138577831,-1.32046396760313,0.372465143223257,-3.54520145476173,0.00039231312311387,0.154434430383871
35.6686584431223,0.738435483995875,0.306422639295098,2.40985942061784,0.0159586683588435,0.599437944995727
2.8687618672919,1.65682019782994,0.70278054920859,2.35752141930465,0.0183973939225021,0.630982737282544
8.01834105650008,-0.895079498417747,0.398132588399131,-2.24819450730425,0.0245637897786357,0.700542579591014
10.5340799890294,-1.38381054833075,0.567702032269911,-2.43756490142847,0.0147865596162568,0.582031704448623
94.2752767977748,-1.19764039103456,0.362051973868584,-3.30792393765341,0.00093990333778435,0.200920146934926
5.32352150792742,-1.58873957607551,0.748611872131901,-2.12224736905533,0.0338169706201447,0.750065088177289
45.2650581444402,-2.84786282011618,0.555658436091778,-5.12520396549112,2.97215816127608e-07,0.00274211311959331
13.4848266712072,-1.47569856879964,0.595814771126309,-2.47677405850484,0.0132575798588982,0.559394553692025
871.548579707696,0.733963134174945,0.371400879859309,1.9762019262124,0.0481319118338048,0.78104373923368
246.508534271516,-0.919145670828862,0.32310635366782,-2.84471555695193,0.00444510979694104,0.380321500810182
182.258803207179,-0.721544336697188,0.252984801490098,-2.85212523616929,0.0043427987176098,0.379778776954199
282.069199011161,-0.548018886613312,0.23697275267136,-2.31258184932898,0.020745640414779,0.664580828009551
6.42647911301772,-1.10053493083954,0.553984890626641,-1.98657932636875,0.0469690340873952,0.77728485827858
37.8172825023356,-0.739220957258022,0.294635507039673,-2.50893371503417,0.0121096205620702,0.533569332588168
50.6975744296882,-0.686213408468082,0.349529932382799,-1.96324647731901,0.0496175412550077,0.781130070365846
10.0657448335347,-1.34292963228646,0.511419184117652,-2.62588826151176,0.0086423182606144,0.482162102586722
7.9624879442496,-1.38204816746982,0.562979007575453,-2.45488401676254,0.0140930050031186,0.569540698439924
2916.011128525,-0.653293942948334,0.288680630191673,-2.26303352086551,0.0236336229979584,0.691105565068665
31.750716191713,-1.43639996505414,0.467990907759689,-3.06929032431486,0.00214567963561002,0.287575987293008
37.6708375328498,-0.954152386807779,0.311074968044311,-3.06727472418117,0.00216020219863282,0.287575987293008
206.666698668573,-1.14222443085515,0.372422401130877,-3.067013228492,0.00216209288587635,0.287575987293008
31.6903036568985,-0.807133125534298,0.369594674524744,-2.18383321288971,0.028974506087429,0.735299224843154
115.415589477457,-0.861587177160995,0.408248779294801,-2.11044642594959,0.0348199211555385,0.751142366425788
1269.69434831027,0.537031262836445,0.231542670292995,2.31936196536424,0.020375418141821,0.660240483635797
224.990631366074,-0.503562773911166,0.25259623276487,-1.99354823466394,0.0462014472817059,0.775489937998032
2.89562194506401,4.15191796197285,1.13031736860421,3.67323202960238,0.000239501822507726,0.119440206186826
36.3165116582171,-1.01985835286894,0.449136161195342,-2.27071084669439,0.023164487971993,0.685512683974748
2.03242817157456,-2.09606281377222,0.758028254413745,-2.76515130084868,0.00568963990172024,0.4260593377723
647.854285466449,-0.993528725107941,0.420844439356181,-2.36079803413315,0.0182356588752367,0.630120557239453
563.083318490436,-0.910278760063024,0.337193214584785,-2.69957615008336,0.00694278648714165,0.451085550213865
42.0062870730403,-0.79720733932299,0.354552261209979,-2.24849035400977,0.0245449394894946,0.700542579591014
200.724290467769,-1.16045846511155,0.345334948229801,-3.36038524644003,0.000778338569322308,0.181978382031038
17.5027197733837,-1.59383784030459,0.634429417903993,-2.51223823379794,0.0119968070380267,0.533569332588168
11.3038327191653,0.728366800840459,0.359871074350898,2.02396594990086,0.0429736553364485,0.772801196701678
1.79525026928088,-2.60398262680719,1.20004755360524,-2.16989953355114,0.0300144576851129,0.736950820139587
239.413924057443,0.625947404570658,0.319034002871842,1.96200843463731,0.04976150226414,0.781130070365846
3148.07568294954,0.765176564838007,0.221330718713882,3.45716387352071,0.000545892777306271,0.16730259642407
96.1174138768073,-0.661321104856584,0.325729653506992,-2.03027602103899,0.0423284902125095,0.772801196701678
28.3687613693007,-1.18214792966239,0.433674690670678,-2.72588637311113,0.00641290708112382,0.43344674527801
1.86890340417817,-2.11492082043427,0.898604340264217,-2.35356176870059,0.0185945182408656,0.635381575148986
111.977422658789,-0.810699710809765,0.34226110272381,-2.36865861869196,0.017852723326666,0.623351364291691
15.325736955157,-0.890343136407375,0.414234372460971,-2.1493704907148,0.0316050427277968,0.738197782801653
58.5902760256266,-1.30651457862171,0.448611014006567,-2.91235510905799,0.00358714575245552,0.353957291039087
5.06079952432954,-3.27873190020389,0.988204938589202,-3.31786633740641,0.000907078800251092,0.196910800261566
271.596924480905,-0.954021169743274,0.315776818473264,-3.0211881111344,0.00251784883329761,0.313794518095963
5.02318293744229,-1.7744001003938,0.858862205355898,-2.06598926967397,0.038829492788881,0.767474727224711
105.214727615126,-0.638762179782964,0.32015850680458,-1.99514354985687,0.0460272257251246,0.775489937998032
133.142929109508,1.04582441187234,0.495950438660007,2.10872766782508,0.0349680952070102,0.751142366425788
220.817055770595,-0.891669049525451,0.281367457627162,-3.16905535929815,0.0015293526261597,0.260808428357099
10.5077367078408,-1.47642077990955,0.556249124044277,-2.65424378410711,0.00794863780136117,0.470090592021527
111.058215639434,-1.12612710410901,0.503568954418791,-2.23629176149026,0.0253326657563451,0.707168454668805
85.2509088952371,0.622671957543011,0.266161895027484,2.33944816735962,0.0193122511514543,0.646164352163028
18.7798944372188,0.884016696604802,0.417722679274181,2.11627651661345,0.0343212967924866,0.750233240050995
2.88514669927017,3.06645757650412,0.934832032449168,3.28022304549225,0.00103725048128658,0.204334686334084
291.366799304224,-0.510244871487185,0.215083122142383,-2.37231478883502,0.0176770231354789,0.621288439801632
657.419573290199,-0.589264417928341,0.207507748347016,-2.83972248083436,0.00451527966434522,0.383944425652064
5207.45200537177,-0.610780689102151,0.28111638528883,-2.17269686530229,0.0298031398729928,0.736950820139587
836.393939141437,-0.96413298760613,0.292791961270858,-3.29289432476673,0.000991617375376605,0.201069492422518
184.086765044585,-0.613823397989012,0.289867818952583,-2.11759760088933,0.0342091615410682,0.750233240050995
111.423308351984,-0.767911114673586,0.323487075287572,-2.37385408363203,0.017603505604068,0.620859242552487
34.1160600509421,-0.955999213301422,0.428456602740055,-2.23126264640955,0.0256637364315272,0.709325475480226
275.947882693199,-0.698267800467753,0.254539838394874,-2.74325545608508,0.00608333400977798,0.4260593377723
16.2748658620488,-1.44519813799652,0.617444818394194,-2.34061100675374,0.0192522142311034,0.646164352163028
558.480364140863,-0.867357523937892,0.294379140153437,-2.94639600987287,0.00321500501778908,0.344363986961699
2.81883910811586,2.1173685403088,0.60393296228614,3.50596617924889,0.000454953025178974,0.15545913371486
36.0001083943478,-1.64002136735937,0.500260273105179,-3.27833620922876,0.00104420943704097,0.204334686334084
22.0755173504514,-0.690942898346475,0.275233974234776,-2.51038375719233,0.0120600020726292,0.533569332588168
34.8685428698141,-0.57376925046716,0.29132190337929,-1.96953694113461,0.0488914648268087,0.781130070365846
9.14023268441987,-3.28405053438894,1.07504863848966,-3.05479251525095,0.00225216270409118,0.294729831318372
9.50003875848732,-1.37124805457923,0.588153714941371,-2.33144502830509,0.019729905534055,0.652430496262335
400.695164534147,0.825368622743877,0.383068262641142,2.15462543686915,0.0311911568642444,0.736950820139587
7.59350463870299,1.19068035294377,0.592676632936314,2.00898818474545,0.044538386774172,0.775489937998032
39.542430331902,1.06394054279837,0.391434341760432,2.71805620838841,0.0065666681647337,0.437957372743121
300.219480652755,-0.818050042412144,0.31990338688249,-2.55717843560262,0.0105525072346949,0.513759534286518
15.0360397050239,-1.32788783423897,0.649655872773732,-2.0439865009909,0.0409548807336504,0.771121897242161
303.999166246685,-0.688689152574808,0.223507769465144,-3.08127611949619,0.00206115413122691,0.287575987293008
9.41664935380476,-1.57581499030728,0.779936584573267,-2.02043989405814,0.0433377788449545,0.772801196701678
161.704206547873,-1.07007079949416,0.420865591862448,-2.54254759758049,0.0110047611537264,0.52657045651871
7.0093494985633,-1.72084029691287,0.714469682873876,-2.40855607755249,0.0160157656017176,0.599437944995727
0.984767048625066,-3.08327852305883,1.31514962289929,-2.34443174325796,0.0190560981634608,NA
10763.4208990526,0.543852846187096,0.226594834406081,2.40011140418345,0.0163900828274671,0.605320046946155
408.629594221254,-0.627841466131491,0.287105609574113,-2.1867962352349,0.0287574024359974,0.735299224843154
6.76193170494679,1.13699024873884,0.518891236228612,2.19119185169262,0.0284379120117109,0.733896996419705
62.7664376412703,0.515105569587938,0.189255294564819,2.7217498499706,0.00649372765532976,0.435717318895071
80.6399327682014,-0.86534629954326,0.329512226172925,-2.62614322264672,0.00863584719726272,0.482162102586722
86.4445093227756,-1.21034801786646,0.39178080482498,-3.08934997059685,0.00200594991381616,0.287575987293008
14.0769603028579,-1.15470008751571,0.535642475040429,-2.15572913150429,0.0311048220557945,0.736950820139587
3.62554139066748,-1.95348034573142,0.780024951829599,-2.50438186772026,0.0122665560788043,0.537143619830945
18.4551558085407,-3.67601026921484,0.768911848561109,-4.78079545281281,1.74602946078714e-06,0.00644354712208888
77.7973776213605,-1.42969760163699,0.407566899383653,-3.50788448178463,0.000451685137779761,0.15545913371486
35.7650364522318,-1.51057763828487,0.502859703186593,-3.00397432666094,0.00266477810317552,0.317228939095449
253.96392027883,-2.89435683249584,0.55072555590439,-5.25553390697982,1.47595656277084e-07,0.00272343504962475
357.969160169131,-0.681369613539768,0.330611180167918,-2.06093941890803,0.0393088200250492,0.767474727224711
62.3402032336308,-1.14099913501964,0.358746526356744,-3.18051618954216,0.00147012924506447,0.258350712665996
2.76332547492235,-1.24326717754109,0.564518497603252,-2.20234975969709,0.0276406118115939,0.725497253410428
35.0545138728593,0.648515182634023,0.298715345868995,2.17101394890652,0.029930117975266,0.736950820139587
10.2715118984549,-2.54038941067452,1.03130245051867,-2.46328262809507,0.0137671346080825,0.563262012834455
168.979852833514,-0.692065358931173,0.296626482021329,-2.33312061086107,0.019641815996462,0.651853936630786
9.54643488124563,-1.64400882648421,0.658009864303493,-2.49845620205771,0.0124735555114757,0.540554072467243
26.8828581247069,-1.92799279998466,0.46803934822132,-4.11929639529576,3.80031054338698e-05,0.0539410231896743
926.461788475896,-0.507449747968263,0.23377269243938,-2.17069728150498,0.0299540628338615,0.736950820139587
39.8513526922407,-1.45621277412608,0.463744242642527,-3.14012043756754,0.00168878390651134,0.273345970552169
64.7904687253489,-1.01748895160526,0.340786501933348,-2.98570790167112,0.00282922747255161,0.325408698864853
4.57543768522058,-2.18074336814041,1.03891369391547,-2.09906114522526,0.0358115110006649,0.756072680434931
1.42962448667695,-3.94912132570578,1.80287750969585,-2.19045459520542,0.0284912842848787,NA
50.848089710012,-1.00256997363634,0.316842003882873,-3.16425840434643,0.00155478685883811,0.260808428357099
1.79546706462471,-2.34375281745232,1.19173595641287,-1.9666712285052,0.04922112591483,0.781130070365846
8.11255056420772,-1.21081899775621,0.392333567907433,-3.0861978092119,0.00202733902637225,0.287575987293008
3.96539077769887,-1.91848178581837,0.850969943850445,-2.25446480182094,0.0241669425824188,0.693892785385712
3.84138154483657,1.95844579491475,0.973736405566873,2.01126894683024,0.0442970566527239,0.774796542796696
12.4187576302823,1.82829998321894,0.676348180532896,2.70319346727365,0.00686767600979984,0.450969244600806
149.595167808507,-0.575220459715131,0.210103792870436,-2.73779188779258,0.00618532037554091,0.426946048811772
20.1027293533705,-1.39198351515697,0.567267375926625,-2.45384024223706,0.0141339758563627,0.569540698439924
292.661944166864,-0.571883598778353,0.190266458589623,-3.00569844531465,0.00264971632840549,0.317228939095449
17.8251230488946,-1.15881630902106,0.431936326988665,-2.68284058694482,0.00729997779627298,0.458882781623655
6.53815896827128,1.24027753549343,0.514781001469048,2.40933043751423,0.0159818205941504,0.599437944995727
28.5743638748991,-0.854065951863068,0.399370017258945,-2.13853297682411,0.0324735106344579,0.747181228871103
109.474999413557,-0.714921027957674,0.26751067639548,-2.67249530968535,0.00752894269961933,0.464628932084869
69.586634425246,-0.953034705570609,0.44581280198674,-2.13774638440947,0.0325373326568432,0.747181228871103
32.7294457063294,-2.08073958555127,0.534582234227424,-3.89227223115326,9.93097194493977e-05,0.083293770149104
5.51120124538526,-2.22383810890645,0.829820391555824,-2.67990294229453,0.00736435097087371,0.458882781623655
175.105113324528,-1.30307454362695,0.471789082243483,-2.76198537157852,0.00574510524301886,0.4260593377723
4.08146581313751,-2.66635590127094,1.03052668594609,-2.58737200854052,0.00967111174778734,0.505279734299992
61.1963907804385,-0.979903418916262,0.466831231839101,-2.09905283126815,0.0358122438055566,0.756072680434931
523.327637834617,-1.12778139460212,0.373230930708931,-3.02167184391702,0.0025138290748053,0.313794518095963
1036.26347328536,-0.861373422024684,0.4150953902479,-2.07512162809195,0.0379752637166403,0.766651604047534
8780.42466209235,-0.603239330140414,0.272631591089997,-2.21265381509394,0.0269215218034001,0.714469070670152
78.5068204851411,-0.688321358458514,0.321265480926115,-2.14253133101721,0.0321507502558443,0.745625330888533
19.772331024061,-0.902064361314132,0.330884879511698,-2.72621814162482,0.00640646426520064,0.43344674527801
23.8202786459596,0.863469224207213,0.297984997805413,2.89769361063965,0.00375917632211523,0.361486232249501
33.0756226649848,-0.829687576482485,0.342766624298403,-2.42056115638663,0.0154965724007623,0.593242228088935
1353.95494374589,-0.53587468444267,0.219253715569825,-2.44408484959979,0.0145220107198649,0.577500305609802
1.41043992027463,-3.63914516788603,1.81565673371411,-2.00431342572216,0.0450364965921722,NA
4.16422392187695,-1.51835201265075,0.71384864002673,-2.12699433397238,0.0334205539746263,0.750065088177289
51.5973454958193,-0.989914949759928,0.372538029521946,-2.6572185154633,0.00787883557380933,0.469223272071701
2.65786255622036,-4.8710235434107,2.11671221367436,-2.30122144708334,0.0213791172169992,0.673186810389195
80.3962565486977,0.503039666323702,0.256611500681999,1.96031613932644,0.0499588507811543,0.781999801772364
105.706131822971,-1.0929574680295,0.342927543172065,-3.18713818645095,0.00143688107230526,0.25493586102093
17.1534333850157,-1.28909183187485,0.433689259036291,-2.97238588462939,0.00295495034313456,0.328714255585464
4.1027638323778,1.66593888493444,0.849085248388583,1.9620396044992,0.0497578735034451,0.781130070365846
25.182847955758,-2.2724145856362,0.647419415877676,-3.50995742467128,0.000448178449416694,0.15545913371486
58.7970172509316,-0.719042323790492,0.304948585562593,-2.35791329369161,0.0183779849694535,0.630982737282544
1.99407635689246,2.73469861830594,1.03164007255873,2.65082628239053,0.00802951287022103,0.470523492809823
54.6361796318033,-0.79486074112871,0.330804518282119,-2.40281101738408,0.0162695929308187,0.60403728120617
1257.77885381979,0.608359320959727,0.268165024973992,2.26860054184444,0.0232926286397161,0.685943309905887
480.820018188269,-0.975491583319655,0.318119797394374,-3.06642840624702,0.0021663268065103,0.287575987293008
459.877301696659,-0.541312932358886,0.221415412009789,-2.44478434199943,0.0144938779965142,0.577500305609802
225.688809912657,-1.08813101373784,0.353378018091122,-3.07922665822767,0.00207538720030293,0.287575987293008
2.39848497678652,1.85289593167457,0.851497300183285,2.17604439999485,0.0295519407344714,0.736950820139587
42.2044076282779,-1.02312909652182,0.429909901154517,-2.37986865102251,0.017318810049495,0.619395753003258
3.43901538946413,-3.28447409209169,1.54183804202931,-2.13023287956288,0.033152391817041,0.747181228871103
81.4860442632443,-0.688838506183637,0.306986161108636,-2.24387478476553,0.0248404589398487,0.706265845523751
47.3882382132606,-0.897791457789855,0.409600759877613,-2.19186960995412,0.0283889230047122,0.733896996419705
126.000707866657,0.632994554845896,0.316863837219152,1.99768632609249,0.0457506775829121,0.775489937998032
12.477608790889,-2.05041825057321,0.505984328833759,-4.05233548497285,5.07088801504242e-05,0.0584800160334767
131.547013967828,-0.724897447162374,0.280224393307151,-2.5868463434153,0.00968587743613905,0.505279734299992
10.1170828902204,0.778825942687864,0.392319346951031,1.98518362334314,0.0471240456634755,0.777845568538413
109.695593203706,-0.579533699111709,0.242049421938216,-2.39427838526149,0.016653103771846,0.610900737173166
90.3342906256524,-0.864735011348913,0.327588405813764,-2.63969968412289,0.00829795227819459,0.475508743593934
3.9184752296451,2.62843137203739,1.04174088589673,2.52311434409607,0.011632057121247,0.53004154835711
3.32062718976909,-1.78357286564497,0.669134748561924,-2.66549132215618,0.0076875915729491,0.469055691223171
2143.93230776292,-0.517328111841885,0.217542491065018,-2.37805547463033,0.0174042073539425,0.619966088986383
29.4628106695461,1.86724136440577,0.715167769953972,2.61091375038607,0.00903006648483182,0.497381453069005
44.0756494184926,-0.938049033787667,0.433555362210189,-2.16361995618197,0.0304935286705246,0.736950820139587
6.34784344943741,1.39866652651771,0.604621421085215,2.31329304212756,0.0207065329844269,0.664481646310687
91.4570251067771,1.02020652270606,0.369770484925042,2.75902638068279,0.00579738547322627,0.4260593377723
152.793545206297,-0.969732274946963,0.441263046772094,-2.19762856201239,0.0279755861251283,0.731169284958736
91.9756369725389,-0.815839438487833,0.2864536560723,-2.84806781548607,0.0043985550606906,0.380321500810182
14.6800710829586,-0.780490381801941,0.35962084411167,-2.17031463715596,0.0299830185193709,0.736950820139587
217.607278080736,-1.41640887106652,0.497535460571531,-2.8468500907241,0.00441541494834408,0.380321500810182
8.27921719954058,-1.84397898982707,0.547231025925084,-3.36965358773264,0.000752627349441216,0.181978382031038
120.526687648365,-0.563044259718178,0.270444739288107,-2.08191980809196,0.0373497951587801,0.766651604047534
11.4167441920303,-1.70034875615324,0.670951954814947,-2.53423325463327,0.0112693689503242,0.527085895681159
34.1635584070335,-1.07118729089659,0.409954095911288,-2.61294447739434,0.00897658840004424,0.495916195082684
1.81891347192943,-1.90980975638228,0.944079669853686,-2.02293282798714,0.0430800734232728,0.772801196701678
20.3708692686061,-1.89907880261153,0.530022385894844,-3.58301621431573,0.000339649515972092,0.152858850456513
94.7420589490118,-0.802249808218965,0.37220912511831,-2.15537383175107,0.0311325924189921,0.736950820139587
56.6742034521706,0.593097575850252,0.299019111861854,1.98347715019721,0.0473141569261398,0.778805373417602
9.64739378999513,-1.24142397800729,0.571366530705817,-2.17272785732434,0.0298008058369805,0.736950820139587
6.54142650933728,-1.23684055691818,0.581584285651206,-2.126674649631,0.0334471252367467,0.750065088177289
37.6379592535185,-0.980041789278728,0.237755452966251,-4.12205809394347,3.75502469183516e-05,0.0539410231896743
21.9835951054494,-1.24579224208112,0.445554455593011,-2.79604934131572,0.00517315018858517,0.409345151186029
324.280397329415,-2.18985821893585,0.475467372234243,-4.60569609360493,4.11088391371493e-06,0.0126423383293113
89.3105710095298,-1.28836235842201,0.341671104820884,-3.77076767758109,0.00016274613098529,0.0986816090997319
26.0449467511945,-1.43302455842039,0.480591376532272,-2.98179415694147,0.00286564603181815,0.326400620858695
800.727155694765,-0.659806708330084,0.230961810651688,-2.85677838456651,0.00427964530600585,0.379778776954199
47.3635753520292,-0.880322477422133,0.341421879482623,-2.57840088853162,0.00992587693108,0.505279734299992
9.54213133517535,-3.27694804267704,0.815414637374869,-4.01875057483243,5.85075661712831e-05,0.0618834711064443
118.435486164309,-0.647601942544254,0.299291671606463,-2.16378203599258,0.0304810814602542,0.736950820139587
30.075652525246,-0.870777686204874,0.384332770562747,-2.26568680294908,0.0234705661237692,0.688519691758013
36.0771631780246,-0.699188388471228,0.338859329868917,-2.06335882426993,0.0390785489938865,0.767474727224711
17.7985184954697,0.61679031264351,0.30059395812952,2.05190522285131,0.0401788741870297,0.767474727224711
9.22744881283417,-1.33525051088417,0.662106273862193,-2.01667098409353,0.0437298598803366,0.77400686645895
19.7282703198178,-0.674694198280897,0.304726323012184,-2.21409883994144,0.0268219804272056,0.714469070670152
38.2039984338761,-0.962038361795407,0.431775347484107,-2.22809932850745,0.0258738920664865,0.711512751729968
165.684845320277,-0.876294990582373,0.339810052535805,-2.57877889145155,0.00991502277895785,0.505279734299992
49.312866361236,0.635694494006612,0.265715904530586,2.39238405819038,0.0167393159230263,0.611472212585704
38.4571674211951,-0.759639584633829,0.293913123916848,-2.58457184391923,0.00974999891682555,0.505279734299992
829.013737918191,-0.510171000437403,0.210308606308228,-2.42582084201393,0.0152738082724751,0.589607343606091
16.9921966593324,-1.10075903268306,0.382234678651119,-2.87979896687441,0.00397928816581292,0.369820409974795
25.4179983068487,-1.11721038208675,0.358223931320513,-3.11874859384296,0.00181620858273372,0.281619166122711
68.1314410434737,-0.69271548636224,0.344849313021354,-2.00874834371309,0.0445638289723685,0.775489937998032
242.577686174316,0.519162491848172,0.228360374889752,2.27343510054585,0.0229999729328524,0.685512683974748
48.5549586171165,-0.773841396743775,0.362256180098607,-2.13617169079941,0.03266542200472,0.747181228871103
15.0133077650705,0.837544005182045,0.339471045632337,2.46720306770771,0.0136173108253078,0.560906134840198
73.8165849052574,-0.78562450030092,0.352232330189911,-2.23041564605197,0.0257198618181633,0.709325475480226
76.4620501445854,-0.556462952999489,0.224957776506975,-2.47363288186766,0.0133747055193673,0.559614662683367
121.516469823142,-0.876004534587797,0.345444709197224,-2.53587480504054,0.0112166826095258,0.526641800282368
2.77525815484226,-2.21377074399274,0.652992282520869,-3.39019434570728,0.00069843090722846,0.181978382031038
77.9657655631938,-0.915613625152982,0.370470932653978,-2.47148573463972,0.0134552919461023,0.560420023117183
168.175468046743,-0.62994507438363,0.226057641791602,-2.78665684287888,0.00532548399083673,0.414623757801347
665.46261027102,-0.709282331920701,0.340025209534226,-2.08596983997831,0.036981355131401,0.764999960632972
2.66878642224181,1.97315949086406,0.795992097172336,2.47886819212586,0.0131800001412335,0.557792116068899
729.697453137281,-0.873753325693185,0.247209306383482,-3.53446776933948,0.000408597264344001,0.154434430383871
3.48123654329924,-1.68556336113354,0.853262158857088,-1.97543433004375,0.0482188801485258,0.781130070365846
2.08961682097293,-1.97313976554973,0.886222562479215,-2.22646076627733,0.0259833341326416,0.712398932266722
73.6016795534796,-0.708776814972477,0.356555022751982,-1.987846951368,0.0468286192501357,0.775759232634952
1.82110828077645,-3.00045398911007,1.41448881965469,-2.12122849429276,0.0339025784711979,0.750065088177289
2.81999801807808,-1.79370773005141,0.739030165165345,-2.42711030563968,0.0152196276669704,0.588747525599451
61.5573696990622,-1.50797938723487,0.470888122990267,-3.202415422285,0.00136280312305289,0.246533757123254
1.95965497207083,-3.1071572816278,1.12704483414884,-2.7569065466454,0.00583510256888137,0.4260593377723
16.8995723708049,-1.69499910192014,0.503963386194769,-3.36333779070425,0.000770060758877199,0.181978382031038
19.2748167973322,-0.735443776695089,0.348134403491292,-2.11252829171618,0.0346411619620338,0.750233240050995
13.5830966489822,-1.37557283038212,0.545535514158658,-2.52150922292121,0.0116852612173303,0.53004154835711
32.2628670628597,-1.23385144572111,0.410253261341689,-3.00753598322638,0.00263374942400532,0.317228939095449
181.837045897477,-0.542803577451124,0.250442444022511,-2.16737853509501,0.0302060025978011,0.736950820139587
4.24863089802346,1.41300010409498,0.7166588353979,1.97164959713427,0.0486496211703055,0.781130070365846
29.5448899334061,-0.931073322832427,0.36794918363279,-2.53043997445482,0.0113919575380855,0.528368825389208
753.891278218905,-0.898437655983918,0.312094369582817,-2.87873714987194,0.00399270960793913,0.369820409974795
9.40701900171931,-1.08031958448061,0.438018822335117,-2.46637708106087,0.0136487564786066,0.560906134840198
19.8180965544443,-0.780793517218659,0.393395059309805,-1.98475679534087,0.0471715364835511,0.777845568538413
102.915913383095,0.852666767463855,0.42308036721932,2.01537777105559,0.0438650817411731,0.77400686645895
21.0199560731646,-1.39815124716138,0.415853273417782,-3.36212634728197,0.000773447247677057,0.181978382031038
113.782488010181,-0.703126298708545,0.334759428831425,-2.10039281391718,0.0356943006376065,0.756072680434931
288.619790738919,-0.689048217303618,0.218405343185606,-3.15490549477102,0.00160550101567336,0.266889231902747
48.3784306849045,-0.916375558169675,0.262565264947988,-3.49008677271612,0.000482863734019675,0.156345343818328
15.6032096435495,-0.659798372284668,0.331925415068321,-1.98779105887044,0.046834803010803,0.775759232634952
7.20461389128672,-1.07460830404354,0.510913601391211,-2.10330729328285,0.0354389163270984,0.756072680434931
24.2399546775378,0.758161184249842,0.293921421392141,2.57946896370757,0.00989523499147556,0.505279734299992
12.6436785888762,0.834566713239203,0.41946449302828,1.98960037645651,0.0466349746602957,0.775563304779895
6.88890292402879,1.09110702538788,0.464014736022043,2.35144908272061,0.018700448823083,0.636643324139349
